<Picture>
  <TitleEng>A-01</TitleEng>
  <TitleEsp>A-01 </TitleEsp>
  <Price>5</Price>
  <Dimentions>1045x1636</Dimentions>
  <DescriptionEng>
  </DescriptionEng>
  <DescriptionEsp>Diario de la Marina. Primera serie, año 1902</DescriptionEsp>
  <Properties>
    <Property name="Description" language="1033">
    </Property>
    <Property name="Descripcion" language="3082">Diario de la Marina. Primera serie, año 1902</Property>
    <Property name="Emition" language="1033">
    </Property>
    <Property name="Emision" language="3082">Indeterminada</Property>
    <Property name="Coments" language="1033">
    </Property>
    <Property name="Comentarios" language="3082">Postal con el reverso no dividido y escudo nacional al dorso, perteneciente a la primera serie de propaganda a las publicaciones periódicas emitida en Cuba,  en los tiempos del advenimiento de la Republica. Fue circulada, según podemos ver al dorso, en Septiembre de 1902, al igual que las otras tres de este grupo que fueron enviadas a la misma persona. Esta firmada por Nicolás Rivero Muñiz, director del Diario de la Marina por más de treinta años. Esta impresa con poca calidad, posiblemente en alguna imprenta local o en alguno de los talleres de estos periódicos. La imagen que incorpora en su parte inferior izquierda nos muestra la muchedumbre en el Parque Central durante los festejos de Mayo de 1902.</Property>
  </Properties>
</Picture>