<Picture>
  <TitleEng>A-02</TitleEng>
  <TitleEsp>A-02 </TitleEsp>
  <Price>5</Price>
  <Dimentions>1045x1652</Dimentions>
  <DescriptionEng>
  </DescriptionEng>
  <DescriptionEsp>El Mundo. Primera serie, año 1902</DescriptionEsp>
  <Properties>
    <Property name="Description" language="1033">
    </Property>
    <Property name="Descripcion" language="3082">El Mundo. Primera serie, año 1902</Property>
    <Property name="Emition" language="1033">
    </Property>
    <Property name="Emision" language="3082">Indeterminada</Property>
    <Property name="Coments" language="1033">
    </Property>
    <Property name="Comentarios" language="3082">Postal de la misma serie que la anterior. Esta firmada por José Manuel Govin, director y propietario de “El Mundo” .Esta serie siguió la pauta de varios países europeos cuyos medios de prensa emitieron extensas y llamativas series de postales de propaganda con este tipo de diseño, en que se mostraba la primera plana de la publicación rasgada en el centro para dar cabida a diferentes vistas de interés. En esta postal la imagen usada fue la de la guardarraya de palmas, una de las más populares y difundidas por lo representativa que era del paisaje cubano.</Property>
  </Properties>
</Picture>