<Picture>
  <TitleEng>A-03</TitleEng>
  <TitleEsp>A-03 </TitleEsp>
  <Price>5</Price>
  <Dimentions>1039x1645</Dimentions>
  <DescriptionEng>
  </DescriptionEng>
  <DescriptionEsp>La Lucha. Primera serie, año 1902</DescriptionEsp>
  <Properties>
    <Property name="Description" language="1033">
    </Property>
    <Property name="Descripcion" language="3082">La Lucha. Primera serie, año 1902</Property>
    <Property name="Emition" language="1033">
    </Property>
    <Property name="Emision" language="3082">Indeterminada</Property>
    <Property name="Coments" language="1033">
    </Property>
    <Property name="Comentarios" language="3082">Postal de la misma serie, firmada por el fundador de “La Lucha”,  el periodista español Antonio San Miguel, gran defensor de la independencia cubana. La imagen que incluye nos muestra la entrada del Cementerio de Colon. </Property>
  </Properties>
</Picture>