<Picture>
  <TitleEng>A-04</TitleEng>
  <TitleEsp>A-04 </TitleEsp>
  <Price>5</Price>
  <Dimentions>1045x1642</Dimentions>
  <DescriptionEng>
  </DescriptionEng>
  <DescriptionEsp>La Discusión. Primera serie, año 1902</DescriptionEsp>
  <Properties>
    <Property name="Description" language="1033">
    </Property>
    <Property name="Descripcion" language="3082">La Discusión. Primera serie, año 1902</Property>
    <Property name="Emition" language="1033">
    </Property>
    <Property name="Emision" language="3082">Indeterminada</Property>
    <Property name="Coments" language="1033">
    </Property>
    <Property name="Comentarios" language="3082">Ultima postal de la serie.  Esta firmada por el licenciado Manuel M. Coronado, propietario y director del periódico “La Discusión”  en aquel entonces. Además de la imagen del Apóstol contiene una vista del Castillo del Morro, la más repetida en las tarjetas ilustradas cubanas. Como podemos ver,  esta serie de postales se usó mayormente para enviar la firma de los directores de estos órganos de prensa, que eran conocidos personajes del momento, a las múltiples personas que solicitaban sus autógrafos para conformar los álbumes de firmas que tan en boga estuvieron en esos primeros años del siglo pasado en Cuba. </Property>
  </Properties>
</Picture>