<Picture>
  <TitleEng>B-01</TitleEng>
  <TitleEsp>B-01 </TitleEsp>
  <Price>5</Price>
  <Dimentions>1639x1055</Dimentions>
  <DescriptionEng>
  </DescriptionEng>
  <DescriptionEsp>Diario de la Marina. Segunda serie, formato horizontal. Motivo: Paseo del Malecón</DescriptionEsp>
  <Properties>
    <Property name="Description" language="1033">
    </Property>
    <Property name="Descripcion" language="3082">Diario de la Marina. Segunda serie, formato horizontal. Motivo: Paseo del Malecón</Property>
    <Property name="Emition" language="1033">
    </Property>
    <Property name="Emision" language="3082">Osnabrucker Papierwaren Fabrik¨ (O P F)  por encargo de la casa Wilson’s, Obispo 52, Habana.</Property>
    <Property name="Coments" language="1033">
    </Property>
    <Property name="Comentarios" language="3082">Postal perteneciente a la segunda serie con esta temática emitida en Cuba, a finales de la primera década del siglo pasado. Esta se caracterizó por el uso de un formato apaisado y una inscripción “Recuerdo de Cuba” siempre debajo del escudo a relieve que adornaba su esquina superior derecha y que podía ser cubano, español o norteamericano dependiendo de la orientación política del rotativo. En la parte izquierda aparecía la primera plana de la publicación, con una pequeña vista impresa en un papel aparte que después se pegaba manualmente con cuatro lacres rojos obteniendo un bello efecto. La primera plana que se muestra en este caso correspondiente al  jueves 1º de marzo de 1906 aunque ello no significa que la postal haya sido impresa en ese año. La vista usada del Paseo del Malecón fue tomada desde la zona del Castillo de la Punta, mirando al oeste, de forma tal que aparece en primer plano la Glorieta que se existió en esa zona por aquellos tiempos. </Property>
  </Properties>
</Picture>