<Picture>
  <TitleEng>B-02</TitleEng>
  <TitleEsp>B-02 </TitleEsp>
  <Price>5</Price>
  <Dimentions>1641x1053</Dimentions>
  <DescriptionEng>
  </DescriptionEng>
  <DescriptionEsp>Diario de la Marina. Segunda serie, formato horizontal. Motivo: Calle de San Rafael</DescriptionEsp>
  <Properties>
    <Property name="Description" language="1033">
    </Property>
    <Property name="Descripcion" language="3082">Diario de la Marina. Segunda serie, formato horizontal. Motivo: Calle de San Rafael</Property>
    <Property name="Emition" language="1033">
    </Property>
    <Property name="Emision" language="3082">¨Osnabrucker Papierwaren Fabrik¨ (O P F)</Property>
    <Property name="Coments" language="1033">
    </Property>
    <Property name="Comentarios" language="3082">Otra postal de la que llamaremos “segunda serie”, que aunque usa la misma plana del  jueves 1º de marzo de 1906, en este caso incorpora el escudo español en su parte superior. La vista de la Calle de San Rafael que incluye nos deja ver su trayectoria tomada desde el Parque Central, flanqueada a la entrada por el Hotel Inglaterra y el desaparecido Teatro Tacón.</Property>
  </Properties>
</Picture>