<Picture>
  <TitleEng>B-03</TitleEng>
  <TitleEsp>B-03 </TitleEsp>
  <Price>5</Price>
  <Dimentions>1639x1053</Dimentions>
  <DescriptionEng>
  </DescriptionEng>
  <DescriptionEsp>Diario de la Marina. Segunda serie, formato horizontal. Motivo: Batey de un ingenio</DescriptionEsp>
  <Properties>
    <Property name="Description" language="1033">
    </Property>
    <Property name="Descripcion" language="3082">Diario de la Marina. Segunda serie, formato horizontal. Motivo: Batey de un ingenio</Property>
    <Property name="Emition" language="1033">
    </Property>
    <Property name="Emision" language="3082">¨Osnabrucker Papierwaren Fabrik¨ (O P F)</Property>
    <Property name="Coments" language="1033">
    </Property>
    <Property name="Comentarios" language="3082">Postal de la segunda serie, igual a las anteriores pero que ahora nos muestra el Batey de un Ingenio. Esta serie es sin dudas la de mayor calidad preparada en Cuba. Su impresión, que estuvo a cargo de una casa identificada como Wilson’s Obispo 52, fue encargada a la ¨Osnabrucker Papierwaren Fabrik¨. Fue esta la más conocida e importante casa impresora dentro de la historia de las tarjetas postales, radicada en Alemania, país que llego a tener el mayor dominio de las técnicas de impresión litográfica para el género en el mundo. Una pequeña reseña sobre ella se encuentra incluida en el escrito anexo en esta página. Las magnificas tintas usadas, la impresión en relieve, el borde en cordoncillo, el sistema de pegar la vista incluida, etc., contribuyen a lograr la calidad de que hablamos. </Property>
  </Properties>
</Picture>