<Picture>
  <TitleEng>B-04</TitleEng>
  <TitleEsp>B-04 </TitleEsp>
  <Price>5</Price>
  <Dimentions>1631x1047</Dimentions>
  <DescriptionEng>
  </DescriptionEng>
  <DescriptionEsp>Diario de la Marina. Segunda serie, formato horizontal. Motivo: Paseo de Martí</DescriptionEsp>
  <Properties>
    <Property name="Description" language="1033">
    </Property>
    <Property name="Descripcion" language="3082">Diario de la Marina. Segunda serie, formato horizontal. Motivo: Paseo de Martí</Property>
    <Property name="Emition" language="1033">
    </Property>
    <Property name="Emision" language="3082">¨Osnabrucker Papierwaren Fabrik¨ (O P F)</Property>
    <Property name="Coments" language="1033">
    </Property>
    <Property name="Comentarios" language="3082">Postal de la segunda serie con una vista del Paseo del Prado, que por esos tiempos era llamado “Paseo de Marti” visto desde el Parque Central mirando hacia el norte. Nótese que esta pieza fue circulada el 20 de Mayo de 1907, pegando el sello en su esquina inferior derecha, según costumbre de la época. </Property>
  </Properties>
</Picture>