<Picture>
  <TitleEng>C-01</TitleEng>
  <TitleEsp>C-01 </TitleEsp>
  <Price>5</Price>
  <Dimentions>1632x1048</Dimentions>
  <DescriptionEng>
  </DescriptionEng>
  <DescriptionEsp>La Lucha. Segunda serie, formato horizontal. Motivo:  Mercado de Tacón</DescriptionEsp>
  <Properties>
    <Property name="Description" language="1033">
    </Property>
    <Property name="Descripcion" language="3082">La Lucha. Segunda serie, formato horizontal. Motivo:  Mercado de Tacón</Property>
    <Property name="Emition" language="1033">
    </Property>
    <Property name="Emision" language="3082">¨Osnabrucker Papierwaren Fabrik¨ (O P F)</Property>
    <Property name="Coments" language="1033">
    </Property>
    <Property name="Comentarios" language="3082">Postal perteneciente a la “segunda serie” emitida como propaganda por el periódico “La Lucha”. La primera plana que se muestra es la correspondiente al martes 20 de Febrero de 1906 (No. 51 del año 22 de la publicación). Algunas de las vistas usadas en esta serie se repiten en otras emisiones cubanas, sin embargo esta del Mercado de Tacón no la hemos visto en otra parte. Es interesante, sobre todo por los grandes toldos y el grupo de niños que posan para la foto junto a una de sus columnas.
Este mercado, más conocido como Plaza del Vapor por los habaneros, fue construido en 1818 y reedificado por el Capitán General Tacón en 1836. Abarcada toda la céntrica manzana comprendida entre las calles Galiano, Reina, Águila y Dragones.</Property>
  </Properties>
</Picture>