<Picture>
  <TitleEng>C-02</TitleEng>
  <TitleEsp>C-02 </TitleEsp>
  <Price>5</Price>
  <Dimentions>1636x1050</Dimentions>
  <DescriptionEng>
  </DescriptionEng>
  <DescriptionEsp>La Lucha. Segunda serie, formato horizontal. Motivo:  Paseo del Prado</DescriptionEsp>
  <Properties>
    <Property name="Description" language="1033">
    </Property>
    <Property name="Descripcion" language="3082">La Lucha. Segunda serie, formato horizontal. Motivo:  Paseo del Prado</Property>
    <Property name="Emition" language="1033">
    </Property>
    <Property name="Emision" language="3082">¨Osnabrucker Papierwaren Fabrik¨ (O P F)</Property>
    <Property name="Coments" language="1033">
    </Property>
    <Property name="Comentarios" language="3082">En esta ocasión, la vista que aparece del Paseo del Prado se refiere a este por su nombre tradicional y no por el de Paseo de Marti como la de la postal B-04.</Property>
  </Properties>
</Picture>