<Picture>
  <TitleEng>C-03</TitleEng>
  <TitleEsp>C-03 </TitleEsp>
  <Price>5</Price>
  <Dimentions>1632x1052</Dimentions>
  <DescriptionEng>
  </DescriptionEng>
  <DescriptionEsp>La Lucha. Segunda serie, formato horizontal. Motivo:  Una volanta</DescriptionEsp>
  <Properties>
    <Property name="Description" language="1033">
    </Property>
    <Property name="Descripcion" language="3082">La Lucha. Segunda serie, formato horizontal. Motivo:  Una volanta</Property>
    <Property name="Emition" language="1033">
    </Property>
    <Property name="Emision" language="3082">¨Osnabrucker Papierwaren Fabrik¨ (O P F)</Property>
    <Property name="Coments" language="1033">
    </Property>
    <Property name="Comentarios" language="3082">La Volanta fue el más usado de los carruajes tradicionales cubanos, apareciendo reproducida en infinitas vistas de la época.
Era un coche tradicional de grandes ruedas, que evitaban  que el agua y el fango penetraran en sus interior, muy usado por las familias de clase alta para sus paseos. Tenía dos caballos, uno de tiro y otro de guía donde iba el jinete.</Property>
  </Properties>
</Picture>