<Picture>
  <TitleEng>C-04</TitleEng>
  <TitleEsp>C-04 </TitleEsp>
  <Price>5</Price>
  <Dimentions>1638x1050</Dimentions>
  <DescriptionEng>
  </DescriptionEng>
  <DescriptionEsp>La Lucha. Segunda serie, formato horizontal. Motivo:  Parque Central</DescriptionEsp>
  <Properties>
    <Property name="Description" language="1033">
    </Property>
    <Property name="Descripcion" language="3082">La Lucha. Segunda serie, formato horizontal. Motivo:  Parque Central</Property>
    <Property name="Emition" language="1033">
    </Property>
    <Property name="Emision" language="3082">¨Osnabrucker Papierwaren Fabrik¨ (O P F)</Property>
    <Property name="Coments" language="1033">
    </Property>
    <Property name="Comentarios" language="3082">Esta vista del Parque Central de la Habana con la estatua de Marti, erigida el 24 de Febrero del año 1905  en su centro y el hotel Inglaterra al fondo, es una de las más interesantes de la colección.</Property>
  </Properties>
</Picture>