<Picture>
  <TitleEng>C-05</TitleEng>
  <TitleEsp>C-05 </TitleEsp>
  <Price>5</Price>
  <Dimentions>1632x1048</Dimentions>
  <DescriptionEng>
  </DescriptionEng>
  <DescriptionEsp>La Lucha. Segunda serie, formato horizontal. Motivo:  Castillo del Morro</DescriptionEsp>
  <Properties>
    <Property name="Description" language="1033">
    </Property>
    <Property name="Descripcion" language="3082">La Lucha. Segunda serie, formato horizontal. Motivo:  Castillo del Morro</Property>
    <Property name="Emition" language="1033">
    </Property>
    <Property name="Emision" language="3082">¨Osnabrucker Papierwaren Fabrik¨ (O P F)</Property>
    <Property name="Coments" language="1033">
    </Property>
    <Property name="Comentarios" language="3082">Una variante más de las vistas del Castillo del Morro tomado desde la parte oeste de la entrada de la bahía. Se encuentra algo deteriorada por lo que hay detalles que no se observan bien.</Property>
  </Properties>
</Picture>