<Picture>
  <TitleEng>C-06</TitleEng>
  <TitleEsp>C-06 </TitleEsp>
  <Price>5</Price>
  <Dimentions>1636x1047</Dimentions>
  <DescriptionEng>
  </DescriptionEng>
  <DescriptionEsp>La Lucha. Segunda serie, formato horizontal. Motivo:  Calzada del Cerro</DescriptionEsp>
  <Properties>
    <Property name="Description" language="1033">
    </Property>
    <Property name="Descripcion" language="3082">La Lucha. Segunda serie, formato horizontal. Motivo:  Calzada del Cerro</Property>
    <Property name="Emition" language="1033">
    </Property>
    <Property name="Emision" language="3082">¨Osnabrucker Papierwaren Fabrik¨ (O P F)</Property>
    <Property name="Coments" language="1033">
    </Property>
    <Property name="Comentarios" language="3082">La Calzada del Cerro era en esa primera década una de las vías mas importantes de la capital pues comunicaba el centro con los barrios del oeste. Esta postal usa un papel de fondo color rosa que ofrece un bello contraste con la vista sobrepuesta. Nótese que este color variaba haciendo que incluso postales del mismo periódico con la misma vista a veces sean diferentes debido a este detalle.</Property>
  </Properties>
</Picture>