<Picture>
  <TitleEng>C-07</TitleEng>
  <TitleEsp>C-07 </TitleEsp>
  <Price>5</Price>
  <Dimentions>1632x1047</Dimentions>
  <DescriptionEng>
  </DescriptionEng>
  <DescriptionEsp>La Lucha. Segunda serie, formato horizontal. Motivo:  Monumento de los Bomberos</DescriptionEsp>
  <Properties>
    <Property name="Description" language="1033">
    </Property>
    <Property name="Descripcion" language="3082">La Lucha. Segunda serie, formato horizontal. Motivo:  Monumento de los Bomberos</Property>
    <Property name="Emition" language="1033">
    </Property>
    <Property name="Emision" language="3082">¨Osnabrucker Papierwaren Fabrik¨ (O P F)</Property>
    <Property name="Coments" language="1033">
    </Property>
    <Property name="Comentarios" language="3082">Este monumento, hecho en mármol por los españoles Agustín Querol, escultor, y Julián Martínez Zapata, arquitecto, fue erigido en el Cementerio de Colón, para guardar los restos de los veintiocho bomberos que fallecieron el 17 de mayo de 1890 en el incendio ocurrido en la ferretería de Isasi, en la esquina de Mercaderes y Obrapía, en la Habana Vieja. Fue inaugurado el 24 de julio de 1897 con la asistencia del Capitán General Valeriano Weyler, y a él se trasladaron los restos de las víctimas de la catástrofe.</Property>
  </Properties>
</Picture>