<Picture>
  <TitleEng>D-01</TitleEng>
  <TitleEsp>D-01 </TitleEsp>
  <Price>5</Price>
  <Dimentions>1641x1051</Dimentions>
  <DescriptionEng>
  </DescriptionEng>
  <DescriptionEsp>El Mundo. Segunda serie, formato horizontal. Motivo:  Diario de la Marina</DescriptionEsp>
  <Properties>
    <Property name="Description" language="1033">
    </Property>
    <Property name="Descripcion" language="3082">El Mundo. Segunda serie, formato horizontal. Motivo:  Diario de la Marina</Property>
    <Property name="Emition" language="1033">
    </Property>
    <Property name="Emision" language="3082">¨Osnabrucker Papierwaren Fabrik¨ (O P F)</Property>
    <Property name="Coments" language="1033">
    </Property>
    <Property name="Comentarios" language="3082">Postal de la  segunda serie emitida que en esta ocasión nos muestra la primera plana del periódico El Mundo correspondiente al  jueves 1º de Marzo de 1906.  Irónicamente usa como vista adjunta la del bello edificio del Diario de la Marina, ubicado en la esquina de Prado y Teniente Rey.	
</Property>
  </Properties>
</Picture>