<Picture>
  <TitleEng>D-02</TitleEng>
  <TitleEsp>D-02 </TitleEsp>
  <Price>5</Price>
  <Dimentions>1635x1055</Dimentions>
  <DescriptionEng>
  </DescriptionEng>
  <DescriptionEsp>El Mundo. Segunda serie, formato horizontal. Motivo: Estatua de la India</DescriptionEsp>
  <Properties>
    <Property name="Description" language="1033">
    </Property>
    <Property name="Descripcion" language="3082">El Mundo. Segunda serie, formato horizontal. Motivo: Estatua de la India</Property>
    <Property name="Emition" language="1033">
    </Property>
    <Property name="Emision" language="3082">¨Osnabrucker Papierwaren Fabrik¨ (O P F)</Property>
    <Property name="Coments" language="1033">
    </Property>
    <Property name="Comentarios" language="3082">La Estatua de la India fue ejecutada en mármol  en 1837, por el escultor Gaggini y el arquitecto Tagliafichi. Representa a una reina india sentada, sosteniendo con su mano derecha el escudo de la ciudad de La Habana, en el centro de una fuente en la que cae el agua que surten por su boca cuatro delfines. Se encontraba emplazada en el extremo sur del Paseo del Prado.</Property>
  </Properties>
</Picture>