<Picture>
  <TitleEng>D-03</TitleEng>
  <TitleEsp>D-03 </TitleEsp>
  <Price>5</Price>
  <Dimentions>1641x1049</Dimentions>
  <DescriptionEng>
  </DescriptionEng>
  <DescriptionEsp>El Mundo. Segunda serie, formato horizontal. Motivo: Mercado de Tacón</DescriptionEsp>
  <Properties>
    <Property name="Description" language="1033">
    </Property>
    <Property name="Descripcion" language="3082">El Mundo. Segunda serie, formato horizontal. Motivo: Mercado de Tacón</Property>
    <Property name="Emition" language="1033">
    </Property>
    <Property name="Emision" language="3082">¨Osnabrucker Papierwaren Fabrik¨ (O P F)</Property>
    <Property name="Coments" language="1033">
    </Property>
    <Property name="Comentarios" language="3082">Vemos de nuevo aquí la vista del Mercado de Tacón a que hicimos referencia en la postal C-01.</Property>
  </Properties>
</Picture>