<Picture>
  <TitleEng>D-04</TitleEng>
  <TitleEsp>D-04 </TitleEsp>
  <Price>5</Price>
  <Dimentions>1639x1053</Dimentions>
  <DescriptionEng>
  </DescriptionEng>
  <DescriptionEsp>El Mundo. Segunda serie, formato horizontal. Motivo: La Catedral</DescriptionEsp>
  <Properties>
    <Property name="Description" language="1033">
    </Property>
    <Property name="Descripcion" language="3082">El Mundo. Segunda serie, formato horizontal. Motivo: La Catedral</Property>
    <Property name="Emition" language="1033">
    </Property>
    <Property name="Emision" language="3082">¨Osnabrucker Papierwaren Fabrik¨ (O P F)</Property>
    <Property name="Coments" language="1033">
    </Property>
    <Property name="Comentarios" language="3082">Aparece aquí una vista de La Catedral de la Habana, construida en el siglo XVIII. En primer plano vemos los carretones que frecuentaban la plaza, usados para transportar las mercancías que llegaban al puerto cercano.
De nuevo vemos un sello postal pegado en su esquina inferior derecha y un corte mensaje fechado en Mayo 20 de 1907. El diseño de esta “segunda serie” dejaba un espacio libre en esa zona con el objetivo de que ahí se pudiera escribir el mensaje. En esa primera época, que duró precisamente hasta finales de 1907, se usaba un reverso no dividido en el cual solo estaba permitido escribir la dirección del destinatario. </Property>
  </Properties>
</Picture>