<Picture>
  <TitleEng>D-05</TitleEng>
  <TitleEsp>D-05 </TitleEsp>
  <Price>5</Price>
  <Dimentions>1632x1046</Dimentions>
  <DescriptionEng>
  </DescriptionEng>
  <DescriptionEsp>El Mundo. Segunda serie, formato horizontal. Motivo: La Machina</DescriptionEsp>
  <Properties>
    <Property name="Description" language="1033">
    </Property>
    <Property name="Descripcion" language="3082">El Mundo. Segunda serie, formato horizontal. Motivo: La Machina</Property>
    <Property name="Emition" language="1033">
    </Property>
    <Property name="Emision" language="3082">¨Osnabrucker Papierwaren Fabrik¨ (O P F)</Property>
    <Property name="Coments" language="1033">
    </Property>
    <Property name="Comentarios" language="3082">Esta imagen de “La Machina” era una de las más características de la zona de la bahía de la Habana. En 1740, en el lugar donde se carenaban las naves, se instaló una “gran máquina para arbolar embarcaciones”, formada por tres gruesos tubos o vástagos, uno de ellos metálico y los otros dos de madera en ángulo con el primero, uniéndose los tres en su extremo superior mediante zunchos de hierro, que recibió el nombre de “la Machina”, supuestamente por castellanización del nombre inglés “machine” (máquina).  La figura de esta instalación, con sus elevados tubos, dio pie a que el pueblo la llamara “el palo de la machina”. Destruida por un huracán en 1846, fue sustituida, ocho años más tarde, por una estructura totalmente de acero, y aunque pronto se dejó de utilizar, al suspenderse la construcción naval, continuó formando parte del paisaje típico de la bahía habanera.</Property>
  </Properties>
</Picture>