<Picture>
  <TitleEng>E-01</TitleEng>
  <TitleEsp>E-01 </TitleEsp>
  <Price>5</Price>
  <Dimentions>1632x1054</Dimentions>
  <DescriptionEng>
  </DescriptionEng>
  <DescriptionEsp>La Discusión. Serie apaisada. Motivo Batey de un ingenio</DescriptionEsp>
  <Properties>
    <Property name="Description" language="1033">
    </Property>
    <Property name="Descripcion" language="3082">La Discusión. Serie apaisada. Motivo Batey de un ingenio</Property>
    <Property name="Emition" language="1033">
    </Property>
    <Property name="Emision" language="3082">¨Osnabrucker Papierwaren Fabrik¨ (O P F)</Property>
    <Property name="Coments" language="1033">
    </Property>
    <Property name="Comentarios" language="3082">Postal dedicada en esta caso a uno de los periódicos mas importantes de la época, “La Discusión”, cuya primera plana correspondiente al  jueves 22 de Febrero de 1904 complementa la imagen. El motivo usado es el Batey de Ingenio, ya visto en la postal B-03.</Property>
  </Properties>
</Picture>