<Picture>
  <TitleEng>E-02</TitleEng>
  <TitleEsp>E-02 </TitleEsp>
  <Price>5</Price>
  <Dimentions>1636x1046</Dimentions>
  <DescriptionEng>
  </DescriptionEng>
  <DescriptionEsp>La Discusión. Serie apaisada. Motivo Palacio de Gobierno.</DescriptionEsp>
  <Properties>
    <Property name="Description" language="1033">
    </Property>
    <Property name="Descripcion" language="3082">La Discusión. Serie apaisada. Motivo Palacio de Gobierno.</Property>
    <Property name="Emition" language="1033">
    </Property>
    <Property name="Emision" language="3082">¨Osnabrucker Papierwaren Fabrik¨ (O P F)</Property>
    <Property name="Coments" language="1033">
    </Property>
    <Property name="Comentarios" language="3082">Aunque dedicada también a  “La Discusión” ahora se muestra otra primera plana, correspondiente al  viernes 8 de Noviembre de 1907. Este es el único caso en la serie en que se usaron  dos planas diferentes de un mismo periódico. 
Aparece en su motivo la Plaza de Armas, en una vista casi total, al fondo el Palacio de Gobierno o de los Capitanes Generales iniciado en 1776 y concluido por el gobernador Tacón en 1834. Al centro, la estatua del rey Fernando VII, levantada por el Conde de Villanueva en 1833. </Property>
  </Properties>
</Picture>