<Picture>
  <TitleEng>E-03</TitleEng>
  <TitleEsp>E-03 </TitleEsp>
  <Price>5</Price>
  <Dimentions>1636x1048</Dimentions>
  <DescriptionEng>
  </DescriptionEng>
  <DescriptionEsp>La Discusión. Serie apaisada. Motivo Castillo de la Chorrera</DescriptionEsp>
  <Properties>
    <Property name="Description" language="1033">
    </Property>
    <Property name="Descripcion" language="3082">La Discusión. Serie apaisada. Motivo Castillo de la Chorrera</Property>
    <Property name="Emition" language="1033">
    </Property>
    <Property name="Emision" language="3082">¨Osnabrucker Papierwaren Fabrik¨ (O P F)</Property>
    <Property name="Coments" language="1033">
    </Property>
    <Property name="Comentarios" language="3082">Se usa de nuevo aquí  primera plana correspondiente al  viernes 8 de Noviembre de 1907. 
El Castillo o Torreón de La Chorrera, construido en 1646 junto a la desembocadura del río del mismo nombre, hoy Almendares, guardaba el acceso a La Habana por el oeste. Construido originalmente en forma de torreón y semidestruido por los ingleses en 1762, fue posteriormente restaurado en su forma actual de rectángulo abaluartado.</Property>
  </Properties>
</Picture>