<Picture>
  <TitleEng>E-04</TitleEng>
  <TitleEsp>E-04 </TitleEsp>
  <Price>5</Price>
  <Dimentions>1634x1048</Dimentions>
  <DescriptionEng>
  </DescriptionEng>
  <DescriptionEsp>La Discusión. Serie apaisada. Motivo Paisaje Cubano</DescriptionEsp>
  <Properties>
    <Property name="Description" language="1033">
    </Property>
    <Property name="Descripcion" language="3082">La Discusión. Serie apaisada. Motivo Paisaje Cubano</Property>
    <Property name="Emition" language="1033">
    </Property>
    <Property name="Emision" language="3082">¨Osnabrucker Papierwaren Fabrik¨ (O P F)</Property>
    <Property name="Coments" language="1033">
    </Property>
    <Property name="Comentarios" language="3082">Primera plana correspondiente al  jueves 22 de Febrero de 1904.
Motivo “Paisaje Cubano” con un monte de palmas reales y el típico bohío cubano techado con sus pencas. 
Esta tarjeta fue enviada el 15 de Agosto de 1907 según vemos en la fecha escrita en su anverso.</Property>
  </Properties>
</Picture>