<Picture>
  <TitleEng>E-05</TitleEng>
  <TitleEsp>E-05 </TitleEsp>
  <Price>5</Price>
  <Dimentions>1634x1053</Dimentions>
  <DescriptionEng>
  </DescriptionEng>
  <DescriptionEsp>La Discusión. Serie apaisada. Motivo Avenida de Martí y Malecón</DescriptionEsp>
  <Properties>
    <Property name="Description" language="1033">
    </Property>
    <Property name="Descripcion" language="3082">La Discusión. Serie apaisada. Motivo Avenida de Martí y Malecón</Property>
    <Property name="Emition" language="1033">
    </Property>
    <Property name="Emision" language="3082">¨Osnabrucker Papierwaren Fabrik¨ (O P F)</Property>
    <Property name="Coments" language="1033">
    </Property>
    <Property name="Comentarios" language="3082">De nuevo la primera plana correspondiente al  jueves 22 de Febrero de 1904. 
La pintoresca imagen incluida nos muestra la zona de la intersección del Malecón con el extremo norte del Paseo del Prado, colmada de público que observa un desfile, posiblemente  de carnaval.</Property>
  </Properties>
</Picture>