<Picture>
  <TitleEng>F-01</TitleEng>
  <TitleEsp>F-01 </TitleEsp>
  <Price>5</Price>
  <Dimentions>1637x1050</Dimentions>
  <DescriptionEng>
  </DescriptionEng>
  <DescriptionEsp>The Havana Post. Segunda serie, formato horizontal. Motivo: Neptuno y Parque Central</DescriptionEsp>
  <Properties>
    <Property name="Description" language="1033">
    </Property>
    <Property name="Descripcion" language="3082">The Havana Post. Segunda serie, formato horizontal. Motivo: Neptuno y Parque Central</Property>
    <Property name="Emition" language="1033">
    </Property>
    <Property name="Emision" language="3082">¨Osnabrucker Papierwaren Fabrik¨ (O P F)</Property>
    <Property name="Coments" language="1033">
    </Property>
    <Property name="Comentarios" language="3082">Postal del mismo formato de la segunda serie emitida como propaganda del periódico “Havana Post”. La primera plana usada esta fechada el  viernes 3 de Enero de 1908. Esta es la de fecha mas avanzada de las seis vistas en esta segunda serie lo cual confirma que no fue impresa toda en un mismo año pues hemos visto anteriormente postales circuladas en fechas anteriores. 
La vista usada, descrita como “Neptuno y Parque Central”, nos muestra el lado norte del Parque Central, bordeado por la calle Neptuno con el edificio del hotel Plaza en la parte derecha. El transito de los tranvías eléctricos por esa parte hace muy interesante esta imagen.</Property>
  </Properties>
</Picture>