<Picture>
  <TitleEng>F-02</TitleEng>
  <TitleEsp>F-02 </TitleEsp>
  <Price>5</Price>
  <Dimentions>1637x1048</Dimentions>
  <DescriptionEng>
  </DescriptionEng>
  <DescriptionEsp>The Havana Post. Segunda serie, formato horizontal. Motivo: Restos del U.S.S. Maine</DescriptionEsp>
  <Properties>
    <Property name="Description" language="1033">
    </Property>
    <Property name="Descripcion" language="3082">The Havana Post. Segunda serie, formato horizontal. Motivo: Restos del U.S.S. Maine</Property>
    <Property name="Emition" language="1033">
    </Property>
    <Property name="Emision" language="3082">¨Osnabrucker Papierwaren Fabrik¨ (O P F)</Property>
    <Property name="Coments" language="1033">
    </Property>
    <Property name="Comentarios" language="3082">Nótese que en este caso del “Havana Post” en lugar del escudo nacional aparece una combinación de este con el norteamericano debido a la orientación del diario publicado en ingles para la colonia norteamericana en Cuba. 
La vista de los restos del Maine que permanecían en la bahía por esos tiempos resulta muy a tono con la naturaleza de la publicación.  
Fueron tantas las emisiones de tarjetas postales dedicadas a mostrar estos restos y otros aspectos de la historia del acorazado Maine y su destruccion en la bahía de la Habana que han merecido una página dedicada exclusivamente a este tema.</Property>
  </Properties>
</Picture>