<Picture>
  <TitleEng>F-03</TitleEng>
  <TitleEsp>F-03 </TitleEsp>
  <Price>5</Price>
  <Dimentions>1637x1052</Dimentions>
  <DescriptionEng>
  </DescriptionEng>
  <DescriptionEsp>The Havana Post. Segunda serie, formato horizontal. Motivo: La Machina</DescriptionEsp>
  <Properties>
    <Property name="Description" language="1033">
    </Property>
    <Property name="Descripcion" language="3082">The Havana Post. Segunda serie, formato horizontal. Motivo: La Machina</Property>
    <Property name="Emition" language="1033">
    </Property>
    <Property name="Emision" language="3082">¨Osnabrucker Papierwaren Fabrik¨ (O P F)</Property>
    <Property name="Coments" language="1033">
    </Property>
    <Property name="Comentarios" language="3082">El Havana Post fue uno de los tres diarios norteamericanos que se editaban en La Habana (los otros eran The Havana American y The Havana Telegram). Fue fundado en 1900, siempre con ediciones en idioma inglés. Su director era C. E. Fisher, y su línea periodística defendía la ideología de la colonia norteamericana, bastante numerosa en el país, así como la defensa de sus intereses dentro de la más estrecha identificación entre los Estados Unidos y Cuba. Tuvo una extensa circulación a lo largo de toda la república.
La vista de La Machina que ya comentamos en la postal D-05 se repite aquí aunque ahora en blanco y negro, sin iluminar. En realidad la preferimos así.</Property>
  </Properties>
</Picture>