<Picture>
  <TitleEng>F-04</TitleEng>
  <TitleEsp>F-04 </TitleEsp>
  <Price>5</Price>
  <Dimentions>1633x1054</Dimentions>
  <DescriptionEng>
  </DescriptionEng>
  <DescriptionEsp>The Havana Post. Segunda serie, formato horizontal. Motivo: Plaza de Armas</DescriptionEsp>
  <Properties>
    <Property name="Description" language="1033">
    </Property>
    <Property name="Descripcion" language="3082">The Havana Post. Segunda serie, formato horizontal. Motivo: Plaza de Armas</Property>
    <Property name="Emition" language="1033">
    </Property>
    <Property name="Emision" language="3082">¨Osnabrucker Papierwaren Fabrik¨ (O P F)</Property>
    <Property name="Coments" language="1033">
    </Property>
    <Property name="Comentarios" language="3082">Ultima postal de la segunda serie que contiene la muestra. Usa la misma plana del viernes 3 de Enero de 1908 del Havana Post con una vista de la Plaza de Armas en la que aparece esta en toda su extensión, tomada desde su lado oeste. </Property>
  </Properties>
</Picture>