<Picture>
  <TitleEng>G-01</TitleEng>
  <TitleEsp>G-01 </TitleEsp>
  <Price>5</Price>
  <Dimentions>1050x1637</Dimentions>
  <DescriptionEng>
  </DescriptionEng>
  <DescriptionEsp>Diario de la Marina. Tercera serie, formato vertical. Motivo:  Chiva criandera</DescriptionEsp>
  <Properties>
    <Property name="Description" language="1033">
    </Property>
    <Property name="Descripcion" language="3082">Diario de la Marina. Tercera serie, formato vertical. Motivo:  Chiva criandera</Property>
    <Property name="Emition" language="1033">
    </Property>
    <Property name="Emision" language="3082">¨Osnabrucker Papierwaren Fabrik¨ (O P F)</Property>
    <Property name="Coments" language="1033">
    </Property>
    <Property name="Comentarios" language="3082">Postal perteneciente a la que llamaremos “tercera serie”, emitida a finales de la primera década caracterizada por usar ya un reverso dividido y un formato vertical gracias al cual se podían mostrar las planas completas de los diferentes órganos de prensa que la patrocinaron. El reverso dividido permitía que ambas cosas, la dirección del destinatario y el mensaje se escribieran al dorso con lo cual todo el espacio del anverso quedaba disponible para la imagen. Como explicamos en la página introductoria este cambio posibilitó el surgimiento de postales con imágenes más amplias y atractivas a la vez que nos legó a los futuros coleccionistas piezas más limpias, sin que sus vistas estuvieran dañadas por los consabidos escritos. 
La primera plana que vemos, correspondiente al  jueves 1º de marzo de 1904, es la misma usada en la serie anterior.
El motivo nos muestra una chiva criandera sobre un taburete amamantando a un niño. Esta escena, con diversas variantes, fue repetida profusamente en las postales cubanas de la época debido a lo inusual y pintoresco que resultaba esta costumbre criolla.</Property>
  </Properties>
</Picture>