<Picture>
  <TitleEng>G-02</TitleEng>
  <TitleEsp>G-02 </TitleEsp>
  <Price>5</Price>
  <Dimentions>1050x1639</Dimentions>
  <DescriptionEng>
  </DescriptionEng>
  <DescriptionEsp>Diario de la Marina. Tercera serie, formato vertical. Motivo:  Calle Obispo</DescriptionEsp>
  <Properties>
    <Property name="Description" language="1033">
    </Property>
    <Property name="Descripcion" language="3082">Diario de la Marina. Tercera serie, formato vertical. Motivo:  Calle Obispo</Property>
    <Property name="Emition" language="1033">
    </Property>
    <Property name="Emision" language="3082">¨Osnabrucker Papierwaren Fabrik¨ (O P F)</Property>
    <Property name="Coments" language="1033">
    </Property>
    <Property name="Comentarios" language="3082">En esta tercera serie la vista iba impresa dentro de un marco irregular que simulaba una ruptura en el papel y que se obtenía mediante la impresión en relieve. Magnifica solución que permitió abandonar el método manual anterior y que introdujo una mayor calidad a la emisión.
La vista que vemos de la Calle Obispo fue publicada en formato completo, con el numero 165, en otra serie emitida por la misma casa Wilson’s. En ella se ve a la izquierda el Palais Royal, con sus artísticas bombillas, en el cruce con la calle Compostela, y más allá, los toldos de M. Ignacio, Linen Store, y Habana Club, Camisería.</Property>
  </Properties>
</Picture>