<Picture>
  <TitleEng>G-03</TitleEng>
  <TitleEsp>G-03 </TitleEsp>
  <Price>5</Price>
  <Dimentions>1050x1639</Dimentions>
  <DescriptionEng>
  </DescriptionEng>
  <DescriptionEsp>Diario de la Marina. Tercera serie, formato vertical. Motivo:  Paseo de Carnaval</DescriptionEsp>
  <Properties>
    <Property name="Description" language="1033">
    </Property>
    <Property name="Descripcion" language="3082">Diario de la Marina. Tercera serie, formato vertical. Motivo:  Paseo de Carnaval</Property>
    <Property name="Emition" language="1033">
    </Property>
    <Property name="Emision" language="3082">¨Osnabrucker Papierwaren Fabrik¨ (O P F)</Property>
    <Property name="Coments" language="1033">
    </Property>
    <Property name="Comentarios" language="3082">Nótese que aunque en esta serie se suprimieron las imágenes de los escudos nacionales se mantuvo la frase “Saludos de Cuba” debajo de la cual se incluyó el titulo de la vista que ahora no se podía poner a su pie como antes.
Esta vista de un “paseo de carnaval” de la época fue tomada en la zona donde comenzaba del Malecón, en su intercepción con el Paseo del  Prado, frente al Hotel Miramar. En esos tiempos no habían aparecido todavía las grandes carrozas con música incorporada  y el desfile lo hacían las familias pudientes en sus engalanados coches de caballos. </Property>
  </Properties>
</Picture>