<Picture>
  <TitleEng>G-04</TitleEng>
  <TitleEsp>G-04 </TitleEsp>
  <Price>5</Price>
  <Dimentions>1059x1633</Dimentions>
  <DescriptionEng>
  </DescriptionEng>
  <DescriptionEsp>Diario de la Marina. Tercera serie, formato vertical. Motivo:  Parque Central</DescriptionEsp>
  <Properties>
    <Property name="Description" language="1033">
    </Property>
    <Property name="Descripcion" language="3082">Diario de la Marina. Tercera serie, formato vertical. Motivo:  Parque Central</Property>
    <Property name="Emition" language="1033">
    </Property>
    <Property name="Emision" language="3082">¨Osnabrucker Papierwaren Fabrik¨ (O P F)</Property>
    <Property name="Coments" language="1033">
    </Property>
    <Property name="Comentarios" language="3082">Esta imagen del Parque Central ya la hemos visto en la postal C-04. La diferencia es que la iluminación aplicada en esta es de mayor calidad. El fondo azul de la postal le confiere una bella combinación.</Property>
  </Properties>
</Picture>