<Picture>
  <TitleEng>H-01</TitleEng>
  <TitleEsp>H-01 </TitleEsp>
  <Price>5</Price>
  <Dimentions>1051x1636</Dimentions>
  <DescriptionEng>
  </DescriptionEng>
  <DescriptionEsp>La Lucha. Tercera serie, formato vertical. Motivo:  Calzada del Cerro</DescriptionEsp>
  <Properties>
    <Property name="Description" language="1033">
    </Property>
    <Property name="Descripcion" language="3082">La Lucha. Tercera serie, formato vertical. Motivo:  Calzada del Cerro</Property>
    <Property name="Emition" language="1033">
    </Property>
    <Property name="Emision" language="3082">¨Osnabrucker Papierwaren Fabrik¨ (O P F)</Property>
    <Property name="Coments" language="1033">
    </Property>
    <Property name="Comentarios" language="3082">Aquí la primera plana del periódico “La Lucha” que se muestra, correspondiente al martes 20 de Febrero de 1906, es la misma usada en la emisión anterior. La vista de la Calzada del Cerro la hemos visto antes, incluso mas agrandada pues este  formato vertical no es el más conveniente para observar las postales en pantalla. </Property>
  </Properties>
</Picture>