<Picture>
  <TitleEng>H-02</TitleEng>
  <TitleEsp>H-02 </TitleEsp>
  <Price>5</Price>
  <Dimentions>1053x1635</Dimentions>
  <DescriptionEng>
  </DescriptionEng>
  <DescriptionEsp>La Lucha. Tercera serie, formato vertical. Motivo:  Muelle de Caballería</DescriptionEsp>
  <Properties>
    <Property name="Description" language="1033">
    </Property>
    <Property name="Descripcion" language="3082">La Lucha. Tercera serie, formato vertical. Motivo:  Muelle de Caballería</Property>
    <Property name="Emition" language="1033">
    </Property>
    <Property name="Emision" language="3082">¨Osnabrucker Papierwaren Fabrik¨ (O P F)</Property>
    <Property name="Coments" language="1033">
    </Property>
    <Property name="Comentarios" language="3082">Aparecen en esta vista  varios botes criollos y barcos de vela anclados en el embarcadero del Muelle de Caballería. En primer plano se observan los escalones por donde se bajaba para abordar las embarcaciones. </Property>
  </Properties>
</Picture>