<Picture>
  <TitleEng>J-01</TitleEng>
  <TitleEsp>J-01 </TitleEsp>
  <Price>5</Price>
  <Dimentions>1051x1637</Dimentions>
  <DescriptionEng>
  </DescriptionEng>
  <DescriptionEsp>El Mundo. Tercera serie, formato vertical. Motivo:  Calle Obispo </DescriptionEsp>
  <Properties>
    <Property name="Description" language="1033">
    </Property>
    <Property name="Descripcion" language="3082">El Mundo. Tercera serie, formato vertical. Motivo:  Calle Obispo </Property>
    <Property name="Emition" language="1033">
    </Property>
    <Property name="Emision" language="3082">¨Osnabrucker Papierwaren Fabrik¨ (O P F)</Property>
    <Property name="Coments" language="1033">
    </Property>
    <Property name="Comentarios" language="3082">Vemos aquí la misma primera plana usada en la emisión anterior correspondiente al  jueves 1º de Marzo de 1906, con la diferencia que ahora aparece completa.
Se repite de nuevo el motivo “Calle Obispo” visto en la postal G-02. En este aspecto es bueno aclarar que en nuestra investigación sobre esta tercera serie hemos visto alrededor de treinta motivos diferentes usados indistintamente por las catorce publicaciones que fueron reflejadas. Esto hace que muchos motivos se repitan varis veces en la colección. Por ello de aquí en adelante no comentaremos aquellos ya vistos.</Property>
  </Properties>
</Picture>