<Picture>
  <TitleEng>J-02</TitleEng>
  <TitleEsp>J-02 </TitleEsp>
  <Price>5</Price>
  <Dimentions>1057x1643</Dimentions>
  <DescriptionEng>
  </DescriptionEng>
  <DescriptionEsp>El Mundo. Tercera serie, formato vertical. Motivo: Monumento de los Estudiantes</DescriptionEsp>
  <Properties>
    <Property name="Description" language="1033">
    </Property>
    <Property name="Descripcion" language="3082">El Mundo. Tercera serie, formato vertical. Motivo: Monumento de los Estudiantes</Property>
    <Property name="Emition" language="1033">
    </Property>
    <Property name="Emision" language="3082">¨Osnabrucker Papierwaren Fabrik¨ (O P F)</Property>
    <Property name="Coments" language="1033">
    </Property>
    <Property name="Comentarios" language="3082">Monumento de los Estudiantes, erigido en el Cementerio de Colón por el cubano José Vilalta de Saavedra, en memoria de los ocho estudiantes de Medicina fusilados por el gobierno colonial el 27 de noviembre de 1871, acusados injustamente por miembros del Cuerpo de Voluntarios de haber violado la tumba del periodista español Gonzalo de Castañón. Fue inaugurado en 1890 con el traslado al mismo de los restos de los estudiantes. </Property>
  </Properties>
</Picture>