<Picture>
  <TitleEng>J-03</TitleEng>
  <TitleEsp>J-03 </TitleEsp>
  <Price>5</Price>
  <Dimentions>1049x1637</Dimentions>
  <DescriptionEng>
  </DescriptionEng>
  <DescriptionEsp>El Mundo. Tercera serie, formato vertical. Motivo: El Elevado </DescriptionEsp>
  <Properties>
    <Property name="Description" language="1033">
    </Property>
    <Property name="Descripcion" language="3082">El Mundo. Tercera serie, formato vertical. Motivo: El Elevado </Property>
    <Property name="Emition" language="1033">
    </Property>
    <Property name="Emision" language="3082">¨Osnabrucker Papierwaren Fabrik¨ (O P F)</Property>
    <Property name="Coments" language="1033">
    </Property>
    <Property name="Comentarios" language="3082">Las líneas elevadas del ferrocarril constituían un elemento pintoresco en el paisaje de los alrededores del puerto habanero. Se van aquí las torres y el techo de la Estación de Ferrocarriles y a la derecha un recodo de la bahía con la fortaleza de la Cabaña al fondo.</Property>
  </Properties>
</Picture>