<Picture>
  <TitleEng>K-01</TitleEng>
  <TitleEsp>K-01 </TitleEsp>
  <Price>5</Price>
  <Dimentions>1052x1630</Dimentions>
  <DescriptionEng>
  </DescriptionEng>
  <DescriptionEsp>La Discusión. Tercera serie, formato vertical. Motivo: La Volanta</DescriptionEsp>
  <Properties>
    <Property name="Description" language="1033">
    </Property>
    <Property name="Descripcion" language="3082">La Discusión. Tercera serie, formato vertical. Motivo: La Volanta</Property>
    <Property name="Emition" language="1033">
    </Property>
    <Property name="Emision" language="3082">¨Osnabrucker Papierwaren Fabrik¨ (O P F)</Property>
    <Property name="Coments" language="1033">
    </Property>
    <Property name="Comentarios" language="3082">Esta primera plana, correspondiente al viernes 8 de Noviembre de 1907, es la misma usada en la segunda serie.
La misma vista de “La Volanta” de la postal C-03 aparece aquí perjudicada por un trabajo de iluminación poco cuidadoso.  </Property>
  </Properties>
</Picture>