<Picture>
  <TitleEng>K-02</TitleEng>
  <TitleEsp>K-02 </TitleEsp>
  <Price>5</Price>
  <Dimentions>1049x1636</Dimentions>
  <DescriptionEng>
  </DescriptionEng>
  <DescriptionEsp>La Discusión. Tercera serie, formato vertical. Motivo: Pesando la caña de azúcar</DescriptionEsp>
  <Properties>
    <Property name="Description" language="1033">
    </Property>
    <Property name="Descripcion" language="3082">La Discusión. Tercera serie, formato vertical. Motivo: Pesando la caña de azúcar</Property>
    <Property name="Emition" language="1033">
    </Property>
    <Property name="Emision" language="3082">¨Osnabrucker Papierwaren Fabrik¨ (O P F)</Property>
    <Property name="Coments" language="1033">
    </Property>
    <Property name="Comentarios" language="3082">La misma vista que en la postal B-03 aparece con el titulo “Batey de un Ingenio” la vemos ahora con otro nombre en ingles: Weighing Sugar Cane - “Pesando Caña de Azúcar”</Property>
  </Properties>
</Picture>