<Picture>
  <TitleEng>K-03</TitleEng>
  <TitleEsp>K-03 </TitleEsp>
  <Price>5</Price>
  <Dimentions>1056x1636</Dimentions>
  <DescriptionEng>
  </DescriptionEng>
  <DescriptionEsp>La Discusión. Tercera serie, formato vertical. Motivo: Paisaje Cubano</DescriptionEsp>
  <Properties>
    <Property name="Description" language="1033">
    </Property>
    <Property name="Descripcion" language="3082">La Discusión. Tercera serie, formato vertical. Motivo: Paisaje Cubano</Property>
    <Property name="Emition" language="1033">
    </Property>
    <Property name="Emision" language="3082">¨Osnabrucker Papierwaren Fabrik¨ (O P F)</Property>
    <Property name="Coments" language="1033">
    </Property>
    <Property name="Comentarios" language="3082">El mismo motivo de la postal E-04. Nótese que en esta serie todas las vistas aparecen en colores, o sea iluminadas.</Property>
  </Properties>
</Picture>