<Picture>
  <TitleEng>K-04</TitleEng>
  <TitleEsp>K-04 </TitleEsp>
  <Price>5</Price>
  <Dimentions>1049x1634</Dimentions>
  <DescriptionEng>
  </DescriptionEng>
  <DescriptionEsp>La Discusión. Tercera serie, formato vertical. Motivo: Corte de caña</DescriptionEsp>
  <Properties>
    <Property name="Description" language="1033">
    </Property>
    <Property name="Descripcion" language="3082">La Discusión. Tercera serie, formato vertical. Motivo: Corte de caña</Property>
    <Property name="Emition" language="1033">
    </Property>
    <Property name="Emision" language="3082">¨Osnabrucker Papierwaren Fabrik¨ (O P F)</Property>
    <Property name="Coments" language="1033">
    </Property>
    <Property name="Comentarios" language="3082">En esta visto de un “Corte de Caña” vemos un sembrado de caña de azúcar en los momentos del corte con un carretón en el proceso de carga y los mayorales a caballo inspeccionando el trabajo.</Property>
  </Properties>
</Picture>