<Picture>
  <TitleEng>K-05</TitleEng>
  <TitleEsp>K-05 </TitleEsp>
  <Price>5</Price>
  <Dimentions>1059x1635</Dimentions>
  <DescriptionEng>
  </DescriptionEng>
  <DescriptionEsp>La Discusión. Tercera serie, formato vertical. Motivo: Calle de Obispo</DescriptionEsp>
  <Properties>
    <Property name="Description" language="1033">
    </Property>
    <Property name="Descripcion" language="3082">La Discusión. Tercera serie, formato vertical. Motivo: Calle de Obispo</Property>
    <Property name="Emition" language="1033">
    </Property>
    <Property name="Emision" language="3082">¨Osnabrucker Papierwaren Fabrik¨ (O P F)</Property>
    <Property name="Coments" language="1033">
    </Property>
    <Property name="Comentarios" language="3082">
    </Property>
  </Properties>
</Picture>