<Picture>
  <TitleEng>L-01</TitleEng>
  <TitleEsp>L-01 </TitleEsp>
  <Price>5</Price>
  <Dimentions>1055x1638</Dimentions>
  <DescriptionEng>
  </DescriptionEng>
  <DescriptionEsp>The Havana Post. Tercera serie, formato vertical. Motivo: La Machina</DescriptionEsp>
  <Properties>
    <Property name="Description" language="1033">
    </Property>
    <Property name="Descripcion" language="3082">The Havana Post. Tercera serie, formato vertical. Motivo: La Machina</Property>
    <Property name="Emition" language="1033">
    </Property>
    <Property name="Emision" language="3082">¨Osnabrucker Papierwaren Fabrik¨ (O P F)</Property>
    <Property name="Coments" language="1033">
    </Property>
    <Property name="Comentarios" language="3082">Llegamos ahora al Havana Post , el ultimo de los órganos que se usaron en esta tercera serie al igual que en la segunda. Se repite el uso de la misma primera plana que es la correspondiente al viernes 3 de Enero de 1908.</Property>
  </Properties>
</Picture>