<Picture>
  <TitleEng>L-03</TitleEng>
  <TitleEsp>L-03 </TitleEsp>
  <Price>5</Price>
  <Dimentions>1054x1634</Dimentions>
  <DescriptionEng>
  </DescriptionEng>
  <DescriptionEsp>The Havana Post. Tercera serie, formato vertical. Motivo: Calle Obispo</DescriptionEsp>
  <Properties>
    <Property name="Description" language="1033">
    </Property>
    <Property name="Descripcion" language="3082">The Havana Post. Tercera serie, formato vertical. Motivo: Calle Obispo</Property>
    <Property name="Emition" language="1033">
    </Property>
    <Property name="Emision" language="3082">¨Osnabrucker Papierwaren Fabrik¨ (O P F)</Property>
    <Property name="Coments" language="1033">
    </Property>
    <Property name="Comentarios" language="3082">
    </Property>
  </Properties>
</Picture>