<Picture>
  <TitleEng>L-04</TitleEng>
  <TitleEsp>L-04 </TitleEsp>
  <Price>5</Price>
  <Dimentions>1053x1636</Dimentions>
  <DescriptionEng>
  </DescriptionEng>
  <DescriptionEsp>The Havana Post. Tercera serie, formato vertical. Motivo: Calle Obispo (otro color)</DescriptionEsp>
  <Properties>
    <Property name="Description" language="1033">
    </Property>
    <Property name="Descripcion" language="3082">The Havana Post. Tercera serie, formato vertical. Motivo: Calle Obispo (otro color)</Property>
    <Property name="Emition" language="1033">
    </Property>
    <Property name="Emision" language="3082">¨Osnabrucker Papierwaren Fabrik¨ (O P F)</Property>
    <Property name="Coments" language="1033">
    </Property>
    <Property name="Comentarios" language="3082">Hemos incluido esta postal en la colección porque aunque exhibe el mismo motivo que la anterior tiene un color diferente en su papel de fondo.</Property>
  </Properties>
</Picture>