<Picture>
  <TitleEng>M-01</TitleEng>
  <TitleEsp>M-01 </TitleEsp>
  <Price>5</Price>
  <Dimentions>1055x1635</Dimentions>
  <DescriptionEng>
  </DescriptionEng>
  <DescriptionEsp>El Fígaro. Tercera serie, formato vertical. Motivo: La Volanta</DescriptionEsp>
  <Properties>
    <Property name="Description" language="1033">
    </Property>
    <Property name="Descripcion" language="3082">El Fígaro. Tercera serie, formato vertical. Motivo: La Volanta</Property>
    <Property name="Emition" language="1033">
    </Property>
    <Property name="Emision" language="3082">¨Osnabrucker Papierwaren Fabrik¨ (O P F)</Property>
    <Property name="Coments" language="1033">
    </Property>
    <Property name="Comentarios" language="3082">El Fígaro fue fundado en 1885 como semanario de literatura y deportes por Manuel Serafín Pichardo, Rafael Bárzaga y Ramón A. Catalá, en un formato de folio que mantuvo siempre y que le permitía la creación de páginas de una magnífica composición tipográfica. Con el tiempo evolucionó hacia un carácter literario cultural, al que se sumó la publicación de notables crónicas y reportajes fotográficos. Su verdadero esplendor lo alcanzó en los primeros años del siglo veinte, en los que llegó a estar conceptuado como la columna vertebral de nuestras publicaciones durante los primeros treinta años republicanos. En sus páginas colaboraron las más grandes figuras de las letras cubanas. Varona, Sanguily, Piñeiro, Márquez Sterling, Bustamante, Fray Candil, etc. Esta revista además de su gran valor testimonial contribuyó de una manera destacada al desenvolvimiento intelectual de Cuba, constituyendo hoy día una referencia obligada para los investigadores de la historia de las primeras décadas de la republica cubana.</Property>
  </Properties>
</Picture>