<Picture>
  <TitleEng>M-02</TitleEng>
  <TitleEsp>M-02 </TitleEsp>
  <Price>5</Price>
  <Dimentions>1055x1639</Dimentions>
  <DescriptionEng>
  </DescriptionEng>
  <DescriptionEsp>El Fígaro. Tercera serie, formato vertical. Motivo: Panorama de la Habana</DescriptionEsp>
  <Properties>
    <Property name="Description" language="1033">
    </Property>
    <Property name="Descripcion" language="3082">El Fígaro. Tercera serie, formato vertical. Motivo: Panorama de la Habana</Property>
    <Property name="Emition" language="1033">
    </Property>
    <Property name="Emision" language="3082">¨Osnabrucker Papierwaren Fabrik¨ (O P F)</Property>
    <Property name="Coments" language="1033">
    </Property>
    <Property name="Comentarios" language="3082">Estas vistas llamadas “Panorama de la Habana” abundan en la colección cubana. En ellas aparece en distintas tomas el litoral este de la bahía, el canal de entrada y al fondo la ciudad en todo su esplendor. </Property>
  </Properties>
</Picture>