<Picture>
  <TitleEng>M-03</TitleEng>
  <TitleEsp>M-03 </TitleEsp>
  <Price>5</Price>
  <Dimentions>1050x1641</Dimentions>
  <DescriptionEng>
  </DescriptionEng>
  <DescriptionEsp>El Fígaro. Tercera serie, formato vertical. Motivo: Parque de Colon</DescriptionEsp>
  <Properties>
    <Property name="Description" language="1033">
    </Property>
    <Property name="Descripcion" language="3082">El Fígaro. Tercera serie, formato vertical. Motivo: Parque de Colon</Property>
    <Property name="Emition" language="1033">
    </Property>
    <Property name="Emision" language="3082">¨Osnabrucker Papierwaren Fabrik¨ (O P F)</Property>
    <Property name="Coments" language="1033">
    </Property>
    <Property name="Comentarios" language="3082">Vemos en esta vista un tramo del llamado Parque de Colon con la calle Monte al fondo. Al centro una de las fuentes que lo adornaban. Posteriormente este parque desapareció cuando en la zona se construyó la Plaza de la Fraternidad.</Property>
  </Properties>
</Picture>