<Picture>
  <TitleEng>N-01</TitleEng>
  <TitleEsp>N-01 </TitleEsp>
  <Price>5</Price>
  <Dimentions>1051x1641</Dimentions>
  <DescriptionEng>
  </DescriptionEng>
  <DescriptionEsp>La Unión Española. Tercera serie, formato vertical. Motivo: Chiva criandera</DescriptionEsp>
  <Properties>
    <Property name="Description" language="1033">
    </Property>
    <Property name="Descripcion" language="3082">La Unión Española. Tercera serie, formato vertical. Motivo: Chiva criandera</Property>
    <Property name="Emition" language="1033">
    </Property>
    <Property name="Emision" language="3082">¨Osnabrucker Papierwaren Fabrik¨ (O P F)</Property>
    <Property name="Coments" language="1033">
    </Property>
    <Property name="Comentarios" language="3082">La Unión Española fue un diario de carácter político, fiel representante de los intereses españoles en Cuba a partir del año 1904 en que comenzó a circular. Su director era isidro Corzo.
La primera plana que se muestra es la correspondiente al viernes 3 de Enero de 1908.</Property>
  </Properties>
</Picture>