<Picture>
  <TitleEng>N-02</TitleEng>
  <TitleEsp>N-02 </TitleEsp>
  <Price>5</Price>
  <Dimentions>1056x1636</Dimentions>
  <DescriptionEng>
  </DescriptionEng>
  <DescriptionEsp>La Unión Española. Tercera serie, formato vertical. Motivo: Hotel Miramar</DescriptionEsp>
  <Properties>
    <Property name="Description" language="1033">
    </Property>
    <Property name="Descripcion" language="3082">La Unión Española. Tercera serie, formato vertical. Motivo: Hotel Miramar</Property>
    <Property name="Emition" language="1033">
    </Property>
    <Property name="Emision" language="3082">¨Osnabrucker Papierwaren Fabrik¨ (O P F)</Property>
    <Property name="Coments" language="1033">
    </Property>
    <Property name="Comentarios" language="3082">
    </Property>
  </Properties>
</Picture>