<Picture>
  <TitleEng>N-05</TitleEng>
  <TitleEsp>N-05 </TitleEsp>
  <Price>5</Price>
  <Dimentions>1054x1635</Dimentions>
  <DescriptionEng>
  </DescriptionEng>
  <DescriptionEsp>La Unión Española. Tercera serie, formato vertical. Motivo: Calzada del Cerro</DescriptionEsp>
  <Properties>
    <Property name="Description" language="1033">
    </Property>
    <Property name="Descripcion" language="3082">La Unión Española. Tercera serie, formato vertical. Motivo: Calzada del Cerro</Property>
    <Property name="Emition" language="1033">
    </Property>
    <Property name="Emision" language="3082">¨Osnabrucker Papierwaren Fabrik¨ (O P F)</Property>
    <Property name="Coments" language="1033">
    </Property>
    <Property name="Comentarios" language="3082">
    </Property>
  </Properties>
</Picture>