<Picture>
  <TitleEng>P-01</TitleEng>
  <TitleEsp>P-01 </TitleEsp>
  <Price>5</Price>
  <Dimentions>1053x1641</Dimentions>
  <DescriptionEng>
  </DescriptionEng>
  <DescriptionEsp>El Choteo. Tercera serie, formato vertical. Motivo: Parque de Colon</DescriptionEsp>
  <Properties>
    <Property name="Description" language="1033">
    </Property>
    <Property name="Descripcion" language="3082">El Choteo. Tercera serie, formato vertical. Motivo: Parque de Colon</Property>
    <Property name="Emition" language="1033">
    </Property>
    <Property name="Emision" language="3082">¨Osnabrucker Papierwaren Fabrik¨ (O P F)</Property>
    <Property name="Coments" language="1033">
    </Property>
    <Property name="Comentarios" language="3082"> “El Choteo” fue un semanario satírico fundado en 1906 y dirigido por Francisco Rojo. Su principal atractivo fue la profusión de grabados y caricaturas que incluían sus páginas y que gustaban mucho al público de la época.
La primera plana escogida para esta emisión fue la correspondiente al número 27 del Año I, de fecha Noviembre 7 de 1907. Aparece en ella, a toda pagina, una caricatura de Raimundo Cabrera, importante escritor cubano y director de la revista Cuba y América.</Property>
  </Properties>
</Picture>