<Picture>
  <TitleEng>P-02</TitleEng>
  <TitleEsp>P-02 </TitleEsp>
  <Price>5</Price>
  <Dimentions>1053x1639</Dimentions>
  <DescriptionEng>
  </DescriptionEng>
  <DescriptionEsp>El Choteo. Tercera serie, formato vertical. Motivo: El Templete</DescriptionEsp>
  <Properties>
    <Property name="Description" language="1033">
    </Property>
    <Property name="Descripcion" language="3082">El Choteo. Tercera serie, formato vertical. Motivo: El Templete</Property>
    <Property name="Emition" language="1033">
    </Property>
    <Property name="Emision" language="3082">¨Osnabrucker Papierwaren Fabrik¨ (O P F)</Property>
    <Property name="Coments" language="1033">
    </Property>
    <Property name="Comentarios" language="3082">El Templete fue construido en 1828, en recordación de la primera misa y el primer cabildo celebrados al ser fundada la villa de San Cristóbal de La Habana.  Lo vemos aquí junto a  la Columna de Colón y a la pequeña calle Narciso López que sale de la Plaza de Armas para desembocar en la Avenida del Puerto.</Property>
  </Properties>
</Picture>