<Picture>
  <TitleEng>P-04</TitleEng>
  <TitleEsp>P-04 </TitleEsp>
  <Price>5</Price>
  <Dimentions>1053x1634</Dimentions>
  <DescriptionEng>
  </DescriptionEng>
  <DescriptionEsp>El Choteo. Tercera serie, formato vertical. Motivo: Calzada del Cerro</DescriptionEsp>
  <Properties>
    <Property name="Description" language="1033">
    </Property>
    <Property name="Descripcion" language="3082">El Choteo. Tercera serie, formato vertical. Motivo: Calzada del Cerro</Property>
    <Property name="Emition" language="1033">
    </Property>
    <Property name="Emision" language="3082">¨Osnabrucker Papierwaren Fabrik¨ (O P F)</Property>
    <Property name="Coments" language="1033">
    </Property>
    <Property name="Comentarios" language="3082">
    </Property>
  </Properties>
</Picture>