<Picture>
  <TitleEng>P-06</TitleEng>
  <TitleEsp>P-06 </TitleEsp>
  <Price>5</Price>
  <Dimentions>1051x1634</Dimentions>
  <DescriptionEng>
  </DescriptionEng>
  <DescriptionEsp>El Choteo. Tercera serie, formato vertical. Motivo: Restos del U.S.S. “Maine”</DescriptionEsp>
  <Properties>
    <Property name="Description" language="1033">
    </Property>
    <Property name="Descripcion" language="3082">El Choteo. Tercera serie, formato vertical. Motivo: Restos del U.S.S. “Maine”</Property>
    <Property name="Emition" language="1033">
    </Property>
    <Property name="Emision" language="3082">
    </Property>
    <Property name="Coments" language="1033">
    </Property>
    <Property name="Comentarios" language="3082">
    </Property>
  </Properties>
</Picture>