<Picture>
  <TitleEng>P-07</TitleEng>
  <TitleEsp>P-07 </TitleEsp>
  <Price>5</Price>
  <Dimentions>1048x1636</Dimentions>
  <DescriptionEng>
  </DescriptionEng>
  <DescriptionEsp>El Choteo. Tercera serie, formato vertical. Motivo: La Cabaña</DescriptionEsp>
  <Properties>
    <Property name="Description" language="1033">
    </Property>
    <Property name="Descripcion" language="3082">El Choteo. Tercera serie, formato vertical. Motivo: La Cabaña</Property>
    <Property name="Emition" language="1033">
    </Property>
    <Property name="Emision" language="3082">¨Osnabrucker Papierwaren Fabrik¨ (O P F)</Property>
    <Property name="Coments" language="1033">
    </Property>
    <Property name="Comentarios" language="3082">La Fortaleza de La Cabaña, que vemos aquí en toda su extensión, fue construida entre 1763 y 1774 sobre la elevación conocida como Loma de la Cabaña, llamada así por unas pequeñas casas o cabañas que existían en el lugar. Dominaba por un lado a la ciudad, la bahía y el canal de entrada, y por el otro al mar. Su posición estratégica, su extensión de más de 700 metros de largo y su sólida construcción hicieron de ella la fortificación más importante no sólo de la Isla sino de todo el continente americano.</Property>
  </Properties>
</Picture>