<Picture>
  <TitleEng>Q-01</TitleEng>
  <TitleEsp>Q-01 </TitleEsp>
  <Price>5</Price>
  <Dimentions>1052x1636</Dimentions>
  <DescriptionEng>
  </DescriptionEng>
  <DescriptionEsp>Cuba y América. Tercera serie, formato vertical. Motivo: Paseo de Carnaval</DescriptionEsp>
  <Properties>
    <Property name="Description" language="1033">
    </Property>
    <Property name="Descripcion" language="3082">Cuba y América. Tercera serie, formato vertical. Motivo: Paseo de Carnaval</Property>
    <Property name="Emition" language="1033">
    </Property>
    <Property name="Emision" language="3082">¨Osnabrucker Papierwaren Fabrik¨ (O P F)</Property>
    <Property name="Coments" language="1033">
    </Property>
    <Property name="Comentarios" language="3082">Cuba y América fue fundada y costeada por Raimundo Cabrera en Nueva Cork, en 1897. Pasó a editarse en La Habana al cesar la dominación española. Su formato fue más bien pequeño, copiando el estilo de los magazines norteamericanos, presentando grandes variaciones a través de sus diferentes etapas. Aunque no gozó de gran popularidad, realizó un gran esfuerzo por llevar al pueblo cubano lo mas destacado de su historia. En ella se  publicaron magníficos trabajos de importantes hombres de letras, como Fernando Ortiz, Enrique José Varona y muchos más. Es muy útil para los estudiosos de nuestra historia por la gran cantidad de fotos y documentos que contienen sus páginas.
La plana que se muestra es la correspondiente al número del 11 de Diciembre de 1907, donde aparece un artículo dedicado a la colocación de la primera piedra del Centro Gallego de la Habana.</Property>
  </Properties>
</Picture>