<Picture>
  <TitleEng>Q-03</TitleEng>
  <TitleEsp>Q-03 </TitleEsp>
  <Price>0</Price>
  <Dimentions>1053x1634</Dimentions>
  <DescriptionEng>
  </DescriptionEng>
  <DescriptionEsp>Cuba y América. Tercera serie, formato vertical. Motivo: Muelle de Caballería</DescriptionEsp>
  <Properties>
    <Property name="Description" language="1033">
    </Property>
    <Property name="Descripcion" language="3082">Cuba y América. Tercera serie, formato vertical. Motivo: Muelle de Caballería</Property>
    <Property name="Emition" language="1033">
    </Property>
    <Property name="Emision" language="3082">¨Osnabrucker Papierwaren Fabrik¨ (O P F)</Property>
    <Property name="Coments" language="1033">
    </Property>
    <Property name="Comentarios" language="3082">
    </Property>
  </Properties>
</Picture>