<Picture>
  <TitleEng>Q-04</TitleEng>
  <TitleEsp>Q-04 </TitleEsp>
  <Price>5</Price>
  <Dimentions>1050x1638</Dimentions>
  <DescriptionEng>
  </DescriptionEng>
  <DescriptionEsp>Cuba y América. Tercera serie, formato vertical. Motivo: Castillo de la Fuerza</DescriptionEsp>
  <Properties>
    <Property name="Description" language="1033">
    </Property>
    <Property name="Descripcion" language="3082">Cuba y América. Tercera serie, formato vertical. Motivo: Castillo de la Fuerza</Property>
    <Property name="Emition" language="1033">
    </Property>
    <Property name="Emision" language="3082">¨Osnabrucker Papierwaren Fabrik¨ (O P F)</Property>
    <Property name="Coments" language="1033">
    </Property>
    <Property name="Comentarios" language="3082">El Castillo de la Real Fuerza, construido entre 1556 y 1577, es la fortificación española más antigua de Cuba y de América. Aparece aquí su lado sur visto desde la Plaza de Armas. En su torre de vigía se encuentra la famosa Giraldilla, uno de los símbolos de la ciudad de la Habana.</Property>
  </Properties>
</Picture>