<Picture>
  <TitleEng>Q-07</TitleEng>
  <TitleEsp>Q-07 </TitleEsp>
  <Price>5</Price>
  <Dimentions>1050x1641</Dimentions>
  <DescriptionEng>
  </DescriptionEng>
  <DescriptionEsp>Cuba y América. Tercera serie, formato vertical. Motivo: Palacio Presidencial</DescriptionEsp>
  <Properties>
    <Property name="Description" language="1033">
    </Property>
    <Property name="Descripcion" language="3082">Cuba y América. Tercera serie, formato vertical. Motivo: Palacio Presidencial</Property>
    <Property name="Emition" language="1033">
    </Property>
    <Property name="Emision" language="3082">¨Osnabrucker Papierwaren Fabrik¨ (O P F)</Property>
    <Property name="Coments" language="1033">
    </Property>
    <Property name="Comentarios" language="3082">
    </Property>
  </Properties>
</Picture>