<Picture>
  <TitleEng>Q-08</TitleEng>
  <TitleEsp>Q-08 </TitleEsp>
  <Price>5</Price>
  <Dimentions>1048x1641</Dimentions>
  <DescriptionEng>
  </DescriptionEng>
  <DescriptionEsp>Cuba y América. Tercera serie, formato vertical. Motivo: Lapida de los Estudiantes</DescriptionEsp>
  <Properties>
    <Property name="Description" language="1033">
    </Property>
    <Property name="Descripcion" language="3082">Cuba y América. Tercera serie, formato vertical. Motivo: Lapida de los Estudiantes</Property>
    <Property name="Emition" language="1033">
    </Property>
    <Property name="Emision" language="3082">¨Osnabrucker Papierwaren Fabrik¨ (O P F)</Property>
    <Property name="Coments" language="1033">
    </Property>
    <Property name="Comentarios" language="3082">Vista del monumento memorial de los Estudiantes. Rodeado de una verja, el monumento se halla situado frente al Castillo de la Punta.
Consiste en un trozo de pared que formaba parte del edificio de los Barracones de Ingenieros, situado al costado de la antigua Cárcel, donde fueron fusilados los ocho estudiantes de Medicina el 27 de noviembre de 1871. Al ser demolida la edificación en 1901, se conservó este trozo de pared por gestiones del doctor Fermín Valdés Domínguez. Sobre este fue colocada una  lápida con la siguiente inscripción: “Fueron sacrificados frente a este muro / por los Voluntarios Españoles de La Habana / los ocho jóvenes cubanos / estudiantes del IV año de Medicina / Alonso Álvarez de la Campa / Carlos Augusto de la Torre / Pascual Rodríguez Pérez / Ángel Laborde / José de Marcos Medina / Eladio González Toledo / Anacleto Bermúdez / Carlos Verdugo / Y para eterna memoria / se les dedica esta lápida / el 27 de noviembre de 1905 / Defensa de los Estudiantes”.  </Property>
  </Properties>
</Picture>