<Picture>
  <TitleEng>R-01</TitleEng>
  <TitleEsp>R-01 </TitleEsp>
  <Price>5</Price>
  <Dimentions>1054x1638</Dimentions>
  <DescriptionEng>
  </DescriptionEng>
  <DescriptionEsp>El Triunfo. Tercera serie, formato vertical. Motivo: Hotel Miramar</DescriptionEsp>
  <Properties>
    <Property name="Description" language="1033">
    </Property>
    <Property name="Descripcion" language="3082">El Triunfo. Tercera serie, formato vertical. Motivo: Hotel Miramar</Property>
    <Property name="Emition" language="1033">
    </Property>
    <Property name="Emision" language="3082">¨Osnabrucker Papierwaren Fabrik¨ (O P F)</Property>
    <Property name="Coments" language="1033">
    </Property>
    <Property name="Comentarios" language="3082">“El Triunfo” fue un diario de carácter político al servicio del General José Miguel Gómez, creado a principios de 1907. Tomó su nombre del importante órgano del Partido Autonomista, surgido en 1878 y desaparecido en 1906, que fue a la vez escuela de periodistas y ayudo a formar la nacionalidad cubana. Fue clausurado en 1916 por el presidente Menocal junto con otros órganos de prensa que mantenían una línea política opuesta a su gobierno. Su director era Modesto Morales Diaz.
Vemos aquí su primera plana correspondiente al miércoles 11 de Diciembre de 1907, donde destaca una foto del Mayor General Calixto García Iñiguez inscrita dentro de un artículo dedicado al aniversario de su muerte.</Property>
  </Properties>
</Picture>