<Picture>
  <TitleEng>R-02</TitleEng>
  <TitleEsp>R-02 </TitleEsp>
  <Price>5</Price>
  <Dimentions>1052x1642</Dimentions>
  <DescriptionEng>
  </DescriptionEng>
  <DescriptionEsp>El Triunfo. Tercera serie, formato vertical. Motivo: Entrada del Cementerio</DescriptionEsp>
  <Properties>
    <Property name="Description" language="1033">
    </Property>
    <Property name="Descripcion" language="3082">El Triunfo. Tercera serie, formato vertical. Motivo: Entrada del Cementerio</Property>
    <Property name="Emition" language="1033">
    </Property>
    <Property name="Emision" language="3082">¨Osnabrucker Papierwaren Fabrik¨ (O P F)</Property>
    <Property name="Coments" language="1033">
    </Property>
    <Property name="Comentarios" language="3082">En esta vista que titulan “Entrada del Cementerio” vemos la entrada principal del Cementerio de Colon con sus grandes arcos y el grupo escultórico, obra en mármol del cubano José Vilalta de Saavedra, situado en su parte mas alta. Este representa las tres virtudes teologales: Fe, Esperanza y Caridad, siendo esta última la que sobresale al centro (algo cortada en esta imagen). </Property>
  </Properties>
</Picture>