<Picture>
  <TitleEng>R-03</TitleEng>
  <TitleEsp>R-03 </TitleEsp>
  <Price>5</Price>
  <Dimentions>1056x1640</Dimentions>
  <DescriptionEng>
  </DescriptionEng>
  <DescriptionEsp>El Triunfo. Tercera serie, formato vertical. Motivo: Calle de San Rafael</DescriptionEsp>
  <Properties>
    <Property name="Description" language="1033">
    </Property>
    <Property name="Descripcion" language="3082">El Triunfo. Tercera serie, formato vertical. Motivo: Calle de San Rafael</Property>
    <Property name="Emition" language="1033">
    </Property>
    <Property name="Emision" language="3082">¨Osnabrucker Papierwaren Fabrik¨ (O P F)</Property>
    <Property name="Coments" language="1033">
    </Property>
    <Property name="Comentarios" language="3082">
    </Property>
  </Properties>
</Picture>