<Picture>
  <TitleEng>R-06</TitleEng>
  <TitleEsp>R-06 </TitleEsp>
  <Price>5</Price>
  <Dimentions>1054x1639</Dimentions>
  <DescriptionEng>
  </DescriptionEng>
  <DescriptionEsp>El Triunfo. Tercera serie, formato vertical. Motivo: Corte de Caña</DescriptionEsp>
  <Properties>
    <Property name="Description" language="1033">
    </Property>
    <Property name="Descripcion" language="3082">El Triunfo. Tercera serie, formato vertical. Motivo: Corte de Caña</Property>
    <Property name="Emition" language="1033">
    </Property>
    <Property name="Emision" language="3082">¨Osnabrucker Papierwaren Fabrik¨ (O P F)</Property>
    <Property name="Coments" language="1033">
    </Property>
    <Property name="Comentarios" language="3082">
    </Property>
  </Properties>
</Picture>