<Picture>
  <TitleEng>S-01</TitleEng>
  <TitleEsp>S-01 </TitleEsp>
  <Price>5</Price>
  <Dimentions>1053x1638</Dimentions>
  <DescriptionEng>
  </DescriptionEng>
  <DescriptionEsp>El Comercio. Tercera serie, formato vertical. Motivo: Hotel Miramar</DescriptionEsp>
  <Properties>
    <Property name="Description" language="1033">
    </Property>
    <Property name="Descripcion" language="3082">El Comercio. Tercera serie, formato vertical. Motivo: Hotel Miramar</Property>
    <Property name="Emition" language="1033">
    </Property>
    <Property name="Emision" language="3082">¨Osnabrucker Papierwaren Fabrik¨ (O P F)</Property>
    <Property name="Coments" language="1033">
    </Property>
    <Property name="Comentarios" language="3082">“El Comercio” vio la luz pública en 1880, fundado por el abogado y periodista José Renté de Vales, que logró dar a la publicación un alto prestigio y un sólido crédito entre los elementos comerciales e industriales del país. En sus inicios fue semanario, pero su amplia aceptación y prosperidad hizo que en breve tiempo pasara a tener ediciones diarias, colocándose en primera fila entre los más importantes rotativos habaneros. 
Tuvo entre sus directores, en primer lugar, a su fundador José Renté de Vales, y con posterioridad a los prestigiosos periodistas Ernesto Lecuona, Lorenzo de Beci, Wilfredo Fernández, Evelio Álvarez del Real, Victoriano González e Isaac Álvarez del Real.
Fue el órgano de las clases mercantiles de Cuba, el que mayor influencia tuvo en su desenvolvimiento y el más celoso defensor de sus intereses, logrando alcanzar, al cumplir sus primeros cincuenta años de existencia, una tirada diaria de 17 mil ejemplares, dedicados sólo a sus suscriptores, pues mantuvo siempre una política tradicional de no imprimir ediciones para la venta en las calles. 
La primera plana que se muestra es la correspondiente a la edición de la mañana del viernes 3 de Enero de 1908.</Property>
  </Properties>
</Picture>