<Picture>
  <TitleEng>S-02</TitleEng>
  <TitleEsp>S-02 </TitleEsp>
  <Price>5</Price>
  <Dimentions>1054x1639</Dimentions>
  <DescriptionEng>
  </DescriptionEng>
  <DescriptionEsp>El Comercio. Tercera serie, formato vertical. Motivo: Prado y Malecón </DescriptionEsp>
  <Properties>
    <Property name="Description" language="1033">
    </Property>
    <Property name="Descripcion" language="3082">El Comercio. Tercera serie, formato vertical. Motivo: Prado y Malecón </Property>
    <Property name="Emition" language="1033">
    </Property>
    <Property name="Emision" language="3082">¨Osnabrucker Papierwaren Fabrik¨ (O P F)</Property>
    <Property name="Coments" language="1033">
    </Property>
    <Property name="Comentarios" language="3082">En esta vista titulada “Prado y Malecón” vemos a lo lejos las primeras cuadras del Paseo del Prado, visto desde el norte, posiblemente desde el interior de la Glorieta que estaba situada en la Explanada de La Punta. A la izquierda destaca el desaparecido edificio de la Cárcel.</Property>
  </Properties>
</Picture>