<Picture>
  <TitleEng>S-03</TitleEng>
  <TitleEsp>S-03 </TitleEsp>
  <Price>5</Price>
  <Dimentions>1054x1630</Dimentions>
  <DescriptionEng>
  </DescriptionEng>
  <DescriptionEsp>El Comercio. Tercera serie, formato vertical. Motivo: Diario de la Marina</DescriptionEsp>
  <Properties>
    <Property name="Description" language="1033">
    </Property>
    <Property name="Descripcion" language="3082">El Comercio. Tercera serie, formato vertical. Motivo: Diario de la Marina</Property>
    <Property name="Emition" language="1033">
    </Property>
    <Property name="Emision" language="3082">¨Osnabrucker Papierwaren Fabrik¨ (O P F)</Property>
    <Property name="Coments" language="1033">
    </Property>
    <Property name="Comentarios" language="3082">
    </Property>
  </Properties>
</Picture>