<Picture>
  <TitleEng>S-05</TitleEng>
  <TitleEsp>S-05 </TitleEsp>
  <Price>5</Price>
  <Dimentions>1054x1636</Dimentions>
  <DescriptionEng>
  </DescriptionEng>
  <DescriptionEsp>El Comercio. Tercera serie, formato vertical. Motivo: La Catedral</DescriptionEsp>
  <Properties>
    <Property name="Description" language="1033">
    </Property>
    <Property name="Descripcion" language="3082">El Comercio. Tercera serie, formato vertical. Motivo: La Catedral</Property>
    <Property name="Emition" language="1033">
    </Property>
    <Property name="Emision" language="3082">¨Osnabrucker Papierwaren Fabrik¨ (O P F)</Property>
    <Property name="Coments" language="1033">
    </Property>
    <Property name="Comentarios" language="3082">
    </Property>
  </Properties>
</Picture>