<Picture>
  <TitleEng>T-01</TitleEng>
  <TitleEsp>T-01 </TitleEsp>
  <Price>5</Price>
  <Dimentions>1053x1640</Dimentions>
  <DescriptionEng>
  </DescriptionEng>
  <DescriptionEsp>El Mundo Ilustrado. Tercera serie, formato vertical. Motivo: Plaza de Armas</DescriptionEsp>
  <Properties>
    <Property name="Description" language="1033">
    </Property>
    <Property name="Descripcion" language="3082">El Mundo Ilustrado. Tercera serie, formato vertical. Motivo: Plaza de Armas</Property>
    <Property name="Emition" language="1033">
    </Property>
    <Property name="Emision" language="3082">¨Osnabrucker Papierwaren Fabrik¨ (O P F)</Property>
    <Property name="Coments" language="1033">
    </Property>
    <Property name="Comentarios" language="3082">Las ediciones dominicales del periódico “El Mundo” incluyeron, a partir de 1904, el suplemento “El Mundo Ilustrado”, que se convirtió en la sensación periodística no sólo de La Habana sino de todo el país por sus reproducciones en color. La portada de esa sección llevaba generalmente una tricromía con un excelente dibujo, que se prestaba incluso para ser recortado con propósitos decorativos. Se caracterizó por la abundancia de su parte grafica y por contener lectura para toda la familia. Actualmente los raros tomos de esta publicación constituyen un tesoro para los coleccionistas y los interesados en hurgar en el acontecer de la época.
La primera plana que se muestra es la correspondiente al 6 de enero de 1907. Podemos apreciar en ella el  sugestivo diseño usado y una imagen donde bajo el titulo “Dar de beber al sediento” vemos un caballo que toma agua en una de las fuentes habilitadas en la ciudad con tal fin.</Property>
  </Properties>
</Picture>