<Picture>
  <TitleEng>T-04</TitleEng>
  <TitleEsp>T-04 </TitleEsp>
  <Price>5</Price>
  <Dimentions>1056x1641</Dimentions>
  <DescriptionEng>
  </DescriptionEng>
  <DescriptionEsp>El Mundo Ilustrado. Tercera serie, formato vertical. Motivo: Muelle de Caballería</DescriptionEsp>
  <Properties>
    <Property name="Description" language="1033">
    </Property>
    <Property name="Descripcion" language="3082">El Mundo Ilustrado. Tercera serie, formato vertical. Motivo: Muelle de Caballería</Property>
    <Property name="Emition" language="1033">
    </Property>
    <Property name="Emision" language="3082">¨Osnabrucker Papierwaren Fabrik¨ (O P F)</Property>
    <Property name="Coments" language="1033">
    </Property>
    <Property name="Comentarios" language="3082">
    </Property>
  </Properties>
</Picture>