<Picture>
  <TitleEng>T-05</TitleEng>
  <TitleEsp>T-05 </TitleEsp>
  <Price>5</Price>
  <Dimentions>1052x1639</Dimentions>
  <DescriptionEng>
  </DescriptionEng>
  <DescriptionEsp>El Mundo Ilustrado. Tercera serie, formato vertical. Motivo: Restos del U.S.S. “Maine” (fondo azul)</DescriptionEsp>
  <Properties>
    <Property name="Description" language="1033">
    </Property>
    <Property name="Descripcion" language="3082">El Mundo Ilustrado. Tercera serie, formato vertical. Motivo: Restos del U.S.S. “Maine” (fondo azul)</Property>
    <Property name="Emition" language="1033">
    </Property>
    <Property name="Emision" language="3082">¨Osnabrucker Papierwaren Fabrik¨ (O P F)</Property>
    <Property name="Coments" language="1033">
    </Property>
    <Property name="Comentarios" language="3082">
    </Property>
  </Properties>
</Picture>