<Picture>
  <TitleEng>T-06</TitleEng>
  <TitleEsp>T-06 </TitleEsp>
  <Price>5</Price>
  <Dimentions>1056x1632</Dimentions>
  <DescriptionEng>
  </DescriptionEng>
  <DescriptionEsp>El Mundo Ilustrado. Tercera serie, formato vertical. Motivo:  Restos del U.S.S. “Maine” (fondo carmelita)</DescriptionEsp>
  <Properties>
    <Property name="Description" language="1033">
    </Property>
    <Property name="Descripcion" language="3082">El Mundo Ilustrado. Tercera serie, formato vertical. Motivo:  Restos del U.S.S. “Maine” (fondo carmelita)</Property>
    <Property name="Emition" language="1033">
    </Property>
    <Property name="Emision" language="3082">¨Osnabrucker Papierwaren Fabrik¨ (O P F)</Property>
    <Property name="Coments" language="1033">
    </Property>
    <Property name="Comentarios" language="3082">En esta oportunidad mostramos una postal con el mismo motivo que la anterior que se diferencia solo por el color del papel de fondo. Es interesante que si comparamos ambas imágenes, la forma en que se aplicaron los colores en el trabajo de iluminación no es exactamente igual, existiendo diferencias en cuanto el color azul de la superficie del mar por ejemplo.</Property>
  </Properties>
</Picture>