<Picture>
  <TitleEng>U-01</TitleEng>
  <TitleEsp>U-01 </TitleEsp>
  <Price>5</Price>
  <Dimentions>1056x1640</Dimentions>
  <DescriptionEng>
  </DescriptionEng>
  <DescriptionEsp>La Política Cómica. Tercera serie, formato vertical. Motivo: Muelle de Caballería</DescriptionEsp>
  <Properties>
    <Property name="Description" language="1033">
    </Property>
    <Property name="Descripcion" language="3082">La Política Cómica. Tercera serie, formato vertical. Motivo: Muelle de Caballería</Property>
    <Property name="Emition" language="1033">
    </Property>
    <Property name="Emision" language="3082">¨Osnabrucker Papierwaren Fabrik¨ (O P F)</Property>
    <Property name="Coments" language="1033">
    </Property>
    <Property name="Comentarios" language="3082">“La Política Cómica”, semanario político satírico creado en 1906, se puede considerar como el decano de las publicaciones humorísticas de Cuba. Era dirigida por el infatigable caricaturista Ricardo de la Torriente, que a la vez fue el creador de miles de las ilustraciones que la adornaron. Reflejó a su manera el convulso período de gobierno de José Miguel Gómez y gozó de gran predilección entre las clases populares que la esperaban ávidamente para deleitarse con los incidentes de la política de aquellos tiempos. A nuestro entender sus abundantes caricaturas, a las que dedicaremos varias páginas en la sección de Libros Raros y Valiosos, constituyen una magistral crónica de la política de aquella etapa.
La portada que se muestra es la correspondiente al domingo 29 de Septiembre de 1907. Exhibe una magnifica caricatura de Charles E. Magoon, gobernador de Cuba entre el 13 octubre de 1906 y el  28 enero de 1909, periodo de la segunda intervención norteamericana. </Property>
  </Properties>
</Picture>