<Picture>
  <TitleEng>U-03</TitleEng>
  <TitleEsp>U-03 </TitleEsp>
  <Price>5</Price>
  <Dimentions>1056x1646</Dimentions>
  <DescriptionEng>
  </DescriptionEng>
  <DescriptionEsp>La Política Cómica. Tercera serie, formato vertical. Motivo: Monumento de los Bomberos</DescriptionEsp>
  <Properties>
    <Property name="Description" language="1033">
    </Property>
    <Property name="Descripcion" language="3082">La Política Cómica. Tercera serie, formato vertical. Motivo: Monumento de los Bomberos</Property>
    <Property name="Emition" language="1033">
    </Property>
    <Property name="Emision" language="3082">¨Osnabrucker Papierwaren Fabrik¨ (O P F)</Property>
    <Property name="Coments" language="1033">
    </Property>
    <Property name="Comentarios" language="3082">
    </Property>
  </Properties>
</Picture>