<Picture>
  <TitleEng>U-04</TitleEng>
  <TitleEsp>U-04 </TitleEsp>
  <Price>5</Price>
  <Dimentions>1056x1632</Dimentions>
  <DescriptionEng>
  </DescriptionEng>
  <DescriptionEsp>La Política Cómica. Tercera serie, formato vertical. Motivo: La Volanta</DescriptionEsp>
  <Properties>
    <Property name="Description" language="1033">
    </Property>
    <Property name="Descripcion" language="3082">La Política Cómica. Tercera serie, formato vertical. Motivo: La Volanta</Property>
    <Property name="Emition" language="1033">
    </Property>
    <Property name="Emision" language="3082">¨Osnabrucker Papierwaren Fabrik¨ (O P F)</Property>
    <Property name="Coments" language="1033">
    </Property>
    <Property name="Comentarios" language="3082">
    </Property>
  </Properties>
</Picture>