<Picture>
  <TitleEng>U-05</TitleEng>
  <TitleEsp>U-05 </TitleEsp>
  <Price>5</Price>
  <Dimentions>1054x1638</Dimentions>
  <DescriptionEng>
  </DescriptionEng>
  <DescriptionEsp>La Política Cómica. Tercera serie, formato vertical. Motivo: Mercado de Tacón</DescriptionEsp>
  <Properties>
    <Property name="Description" language="1033">
    </Property>
    <Property name="Descripcion" language="3082">La Política Cómica. Tercera serie, formato vertical. Motivo: Mercado de Tacón</Property>
    <Property name="Emition" language="1033">
    </Property>
    <Property name="Emision" language="3082">¨Osnabrucker Papierwaren Fabrik¨ (O P F)</Property>
    <Property name="Coments" language="1033">
    </Property>
    <Property name="Comentarios" language="3082">
    </Property>
  </Properties>
</Picture>