<Picture>
  <TitleEng>V-01</TitleEng>
  <TitleEsp>V-01 </TitleEsp>
  <Price>5</Price>
  <Dimentions>1054x1638</Dimentions>
  <DescriptionEng>
  </DescriptionEng>
  <DescriptionEsp>El Liberal. Tercera serie, formato vertical. Motivo: La Cabaña</DescriptionEsp>
  <Properties>
    <Property name="Description" language="1033">
    </Property>
    <Property name="Descripcion" language="3082">El Liberal. Tercera serie, formato vertical. Motivo: La Cabaña</Property>
    <Property name="Emition" language="1033">
    </Property>
    <Property name="Emision" language="3082">¨Osnabrucker Papierwaren Fabrik¨ (O P F)</Property>
    <Property name="Coments" language="1033">
    </Property>
    <Property name="Comentarios" language="3082">“El Liberal” fue un periódico creado a inicios del siglo pasado para defender los intereses del partido de su mismo nombre, el mas importante del país. Su director era Juan O. Gómez y tenía sus talleres en el Paseo del Prado.  
La primera plana que se muestra es la correspondiente al sábado 14 de Diciembre de 1907.</Property>
  </Properties>
</Picture>