<Picture>
  <TitleEng>V-02</TitleEng>
  <TitleEsp>V-02 </TitleEsp>
  <Price>5</Price>
  <Dimentions>1052x1636</Dimentions>
  <DescriptionEng>
  </DescriptionEng>
  <DescriptionEsp>El Liberal. Tercera serie, formato vertical. Motivo: Restos del U.S.S. “Maine”</DescriptionEsp>
  <Properties>
    <Property name="Description" language="1033">
    </Property>
    <Property name="Descripcion" language="3082">El Liberal. Tercera serie, formato vertical. Motivo: Restos del U.S.S. “Maine”</Property>
    <Property name="Emition" language="1033">
    </Property>
    <Property name="Emision" language="3082">¨Osnabrucker Papierwaren Fabrik¨ (O P F)</Property>
    <Property name="Coments" language="1033">
    </Property>
    <Property name="Comentarios" language="3082">
    </Property>
  </Properties>
</Picture>