<Picture>
  <TitleEng>V-07</TitleEng>
  <TitleEsp>V-07 </TitleEsp>
  <Price>5</Price>
  <Dimentions>1056x1643</Dimentions>
  <DescriptionEng>
  </DescriptionEng>
  <DescriptionEsp>El Liberal. Tercera serie, formato vertical. Motivo: Pelea de Gallos</DescriptionEsp>
  <Properties>
    <Property name="Description" language="1033">
    </Property>
    <Property name="Descripcion" language="3082">El Liberal. Tercera serie, formato vertical. Motivo: Pelea de Gallos</Property>
    <Property name="Emition" language="1033">
    </Property>
    <Property name="Emision" language="3082">¨Osnabrucker Papierwaren Fabrik¨ (O P F)</Property>
    <Property name="Coments" language="1033">
    </Property>
    <Property name="Comentarios" language="3082">Esta imagen de una pelea de gallos, rodeados por campesinos que gritan y apuestan en el patio de una casa de campo, es una de las  más repetidas en las postales de esa primera época. De esta costumbre se puede afirmar que fue el pasatiempo nacional del campesino cubano en la época republicana. Llaman la atención la presencia de varios niños en la escena. </Property>
  </Properties>
</Picture>