<Picture>
  <TitleEng>V-08</TitleEng>
  <TitleEsp>V-08 </TitleEsp>
  <Price>5</Price>
  <Dimentions>1054x1643</Dimentions>
  <DescriptionEng>
  </DescriptionEng>
  <DescriptionEsp>El Liberal. Tercera serie, formato vertical. Motivo: Neptuno y Parque Central</DescriptionEsp>
  <Properties>
    <Property name="Description" language="1033">
    </Property>
    <Property name="Descripcion" language="3082">El Liberal. Tercera serie, formato vertical. Motivo: Neptuno y Parque Central</Property>
    <Property name="Emition" language="1033">
    </Property>
    <Property name="Emision" language="3082">¨Osnabrucker Papierwaren Fabrik¨ (O P F)</Property>
    <Property name="Coments" language="1033">
    </Property>
    <Property name="Comentarios" language="3082">
    </Property>
  </Properties>
</Picture>