<Picture>
  <TitleEng>V-09</TitleEng>
  <TitleEsp>V-09 </TitleEsp>
  <Price>5</Price>
  <Dimentions>1057x1639</Dimentions>
  <DescriptionEng>
  </DescriptionEng>
  <DescriptionEsp>El Liberal. Tercera serie, formato vertical. Motivo: Paseo del Prado</DescriptionEsp>
  <Properties>
    <Property name="Description" language="1033">
    </Property>
    <Property name="Descripcion" language="3082">El Liberal. Tercera serie, formato vertical. Motivo: Paseo del Prado</Property>
    <Property name="Emition" language="1033">
    </Property>
    <Property name="Emision" language="3082">¨Osnabrucker Papierwaren Fabrik¨ (O P F)</Property>
    <Property name="Coments" language="1033">
    </Property>
    <Property name="Comentarios" language="3082">
    </Property>
  </Properties>
</Picture>