<Picture>
  <TitleEng>W-01</TitleEng>
  <TitleEsp>W-01 </TitleEsp>
  <Price>5</Price>
  <Dimentions>999x1574</Dimentions>
  <DescriptionEng>
  </DescriptionEng>
  <DescriptionEsp> “El Mundo” - Niño vendiendo periódicos</DescriptionEsp>
  <Properties>
    <Property name="Description" language="1033">
    </Property>
    <Property name="Descripcion" language="3082"> “El Mundo” - Niño vendiendo periódicos</Property>
    <Property name="Emition" language="1033">
    </Property>
    <Property name="Emision" language="3082">Indeterminada</Property>
    <Property name="Coments" language="1033">
    </Property>
    <Property name="Comentarios" language="3082">Esta postal de impresión  fotográfica directa nos muestra una interesante toma en que un niño, que bastante mal vestido, sin zapatos inclusive, pregona los periódicos que vende para subsistir. En esa época era usual y hasta se consideraba lógico que los niños se dedicaran a esa tarea. Así veremos como en las grandes series preparadas en estudios franceses por encargo de los órganos de prensa cubanos se usaron niños como modelos para representar a los vendedores.</Property>
  </Properties>
</Picture>