<Picture>
  <TitleEng>W-02</TitleEng>
  <TitleEsp>W-02 </TitleEsp>
  <Price>5</Price>
  <Dimentions>1018x1609</Dimentions>
  <DescriptionEng>
  </DescriptionEng>
  <DescriptionEsp>“La Lucha” - Muchacha vendiendo periódicos</DescriptionEsp>
  <Properties>
    <Property name="Description" language="1033">
    </Property>
    <Property name="Descripcion" language="3082">“La Lucha” - Muchacha vendiendo periódicos</Property>
    <Property name="Emition" language="1033">
    </Property>
    <Property name="Emision" language="3082">Estudio Hnos Naranjo, Stgo de Cuba</Property>
    <Property name="Coments" language="1033">
    </Property>
    <Property name="Comentarios" language="3082">En esta postal del mismo tipo que la anterior el vendedor es una muchacha, que lleva bajo su brazo un fajo de “La Lucha”. Escena poco ajustada a la realidad por la elegancia de la joven, que además no representa a un típico vendedor de la época. </Property>
  </Properties>
</Picture>