<Picture>
  <TitleEng>X-01</TitleEng>
  <TitleEsp>X-01 </TitleEsp>
  <Price>5</Price>
  <Dimentions>1024x1609</Dimentions>
  <DescriptionEng>
  </DescriptionEng>
  <DescriptionEsp> “El Diario Español”. Serie “Niño vendiendo periódicos”</DescriptionEsp>
  <Properties>
    <Property name="Description" language="1033">
    </Property>
    <Property name="Descripcion" language="3082"> “El Diario Español”. Serie “Niño vendiendo periódicos”</Property>
    <Property name="Emition" language="1033">
    </Property>
    <Property name="Emision" language="3082">Estudio RPH No. 3489/1</Property>
    <Property name="Coments" language="1033">
    </Property>
    <Property name="Comentarios" language="3082">Veremos ahora una serie del tipo fotográfico iluminado que abundó en la década del veinte. Producida en un estudio francés, identificado con las iniciales R P H, usó un hermoso niño que ataviado con una vestimenta típicamente europea y equipado incluso con una gran cartera adecuada para el oficio de vendedor,  exhibe en distintas poses trece de las publicaciones cubanas mas importantes de la época.   
“El Diario Español”, fundado a comienzos del siglo veinte, fue otro de los órganos de la colonia española de Cuba, manteniendo siempre la distinción de los diarios europeos. Era dirigido por el señor Adelardo Novo, y gozó de una gran solvencia moral entre sus lectores.</Property>
  </Properties>
</Picture>