<Picture>
  <TitleEng>X-03</TitleEng>
  <TitleEsp>X-03 </TitleEsp>
  <Price>5</Price>
  <Dimentions>1022x1607</Dimentions>
  <DescriptionEng>
  </DescriptionEng>
  <DescriptionEsp> “El Triunfo”. Serie “Niño vendiendo periódicos”</DescriptionEsp>
  <Properties>
    <Property name="Description" language="1033">
    </Property>
    <Property name="Descripcion" language="3082"> “El Triunfo”. Serie “Niño vendiendo periódicos”</Property>
    <Property name="Emition" language="1033">
    </Property>
    <Property name="Emision" language="3082">Estudio RPH No. 3489/3</Property>
    <Property name="Coments" language="1033">
    </Property>
    <Property name="Comentarios" language="3082">
    </Property>
  </Properties>
</Picture>