<Picture>
  <TitleEng>X-05</TitleEng>
  <TitleEsp>X-05 </TitleEsp>
  <Price>5</Price>
  <Dimentions>1029x1609</Dimentions>
  <DescriptionEng>
  </DescriptionEng>
  <DescriptionEsp>“El Día”. Serie “Niño vendiendo periódicos”</DescriptionEsp>
  <Properties>
    <Property name="Description" language="1033">
    </Property>
    <Property name="Descripcion" language="3082">“El Día”. Serie “Niño vendiendo periódicos”</Property>
    <Property name="Emition" language="1033">
    </Property>
    <Property name="Emision" language="3082">Estudio RPH No. 3489/5</Property>
    <Property name="Coments" language="1033">
    </Property>
    <Property name="Comentarios" language="3082">“El Día” surgió en 1911 de la mano de un grupo de periodistas de tendencia conservadora que se separaron de la redacción del periódico “Cuba”. Su primer director fue Miguel Espinosa. 
A finales de la década del veinte, como consecuencia de su posición de enfrentamiento al régimen imperante fue decretada la suspensión de su publicación por órdenes del gobierno de Machado. Fue notable en el marco de dicho acontecer el hecho del asesinato de su director en ese entonces Armando André.</Property>
  </Properties>
</Picture>