<Picture>
  <TitleEng>X-06</TitleEng>
  <TitleEsp>X-06 </TitleEsp>
  <Price>5</Price>
  <Dimentions>993x1597</Dimentions>
  <DescriptionEng>
  </DescriptionEng>
  <DescriptionEsp> “Nueva Era”. Serie “Niño vendiendo periódicos”</DescriptionEsp>
  <Properties>
    <Property name="Description" language="1033">
    </Property>
    <Property name="Descripcion" language="3082"> “Nueva Era”. Serie “Niño vendiendo periódicos”</Property>
    <Property name="Emition" language="1033">
    </Property>
    <Property name="Emision" language="3082">Estudio RPH No. 3489/6</Property>
    <Property name="Coments" language="1033">
    </Property>
    <Property name="Comentarios" language="3082">Este periódico “Nueva Era” fue un diario local, de carácter  político y de información general fundado en la ciudad de Sancti Spiritus en el año 1906 por Ramón Valdés Marín.</Property>
  </Properties>
</Picture>