<Picture>
  <TitleEng>X-07</TitleEng>
  <TitleEsp>X-07 </TitleEsp>
  <Price>5</Price>
  <Dimentions>1023x1611</Dimentions>
  <DescriptionEng>
  </DescriptionEng>
  <DescriptionEsp> “Cuba”. Serie “Niño vendiendo periódicos”</DescriptionEsp>
  <Properties>
    <Property name="Description" language="1033">
    </Property>
    <Property name="Descripcion" language="3082"> “Cuba”. Serie “Niño vendiendo periódicos”</Property>
    <Property name="Emition" language="1033">
    </Property>
    <Property name="Emision" language="3082">Estudio RPH No. 3489/6</Property>
    <Property name="Coments" language="1033">
    </Property>
    <Property name="Comentarios" language="3082">“Cuba” fue un diario político e informativo surgido en la Habana, en 1907. En realidad fue el continuador de “El Nuevo País”, por cuyo equipo estuvo integrado al constituirse. Su director era Ricardo Delmonte.   </Property>
  </Properties>
</Picture>