<Picture>
  <TitleEng>X-08</TitleEng>
  <TitleEsp>X-08 </TitleEsp>
  <Price>5</Price>
  <Dimentions>1017x1605</Dimentions>
  <DescriptionEng>
  </DescriptionEng>
  <DescriptionEsp>“El Mundo”. Serie “Niño vendiendo periódicos”</DescriptionEsp>
  <Properties>
    <Property name="Description" language="1033">
    </Property>
    <Property name="Descripcion" language="3082">“El Mundo”. Serie “Niño vendiendo periódicos”</Property>
    <Property name="Emition" language="1033">
    </Property>
    <Property name="Emision" language="3082">Estudio RPH No. 3489/7</Property>
    <Property name="Coments" language="1033">
    </Property>
    <Property name="Comentarios" language="3082">
    </Property>
  </Properties>
</Picture>