<Picture>
  <TitleEng>X-09</TitleEng>
  <TitleEsp>X-09 </TitleEsp>
  <Price>5</Price>
  <Dimentions>1024x1606</Dimentions>
  <DescriptionEng>
  </DescriptionEng>
  <DescriptionEsp> “El Comercio”. Serie “Niño vendiendo periódicos”</DescriptionEsp>
  <Properties>
    <Property name="Description" language="1033">
    </Property>
    <Property name="Descripcion" language="3082"> “El Comercio”. Serie “Niño vendiendo periódicos”</Property>
    <Property name="Emition" language="1033">
    </Property>
    <Property name="Emision" language="3082">Estudio RPH No. 3489/8</Property>
    <Property name="Coments" language="1033">
    </Property>
    <Property name="Comentarios" language="3082">
    </Property>
  </Properties>
</Picture>