<Picture>
  <TitleEng>X-11</TitleEng>
  <TitleEsp>X-11 </TitleEsp>
  <Price>5</Price>
  <Dimentions>1026x1608</Dimentions>
  <DescriptionEng>
  </DescriptionEng>
  <DescriptionEsp> “La Unión Española”. Serie “Niño vendiendo periódicos”</DescriptionEsp>
  <Properties>
    <Property name="Description" language="1033">
    </Property>
    <Property name="Descripcion" language="3082"> “La Unión Española”. Serie “Niño vendiendo periódicos”</Property>
    <Property name="Emition" language="1033">
    </Property>
    <Property name="Emision" language="3082">Estudio RPH No. 3489/10</Property>
    <Property name="Coments" language="1033">
    </Property>
    <Property name="Comentarios" language="3082">La Unión Española fue un diario de carácter político, de corta tirada, fiel representante de los intereses españoles en Cuba a partir del año 1904 en que comenzó a circular. Su director era Isidro Corzo.
</Property>
  </Properties>
</Picture>