<Picture>
  <TitleEng>X-13</TitleEng>
  <TitleEsp>X-13 </TitleEsp>
  <Price>5</Price>
  <Dimentions>1024x1608</Dimentions>
  <DescriptionEng>
  </DescriptionEng>
  <DescriptionEsp> “La Lucha”. Serie “Niño vendiendo periódicos”</DescriptionEsp>
  <Properties>
    <Property name="Description" language="1033">
    </Property>
    <Property name="Descripcion" language="3082"> “La Lucha”. Serie “Niño vendiendo periódicos”</Property>
    <Property name="Emition" language="1033">
    </Property>
    <Property name="Emision" language="3082">Estudio RPH No. 3489/12</Property>
    <Property name="Coments" language="1033">
    </Property>
    <Property name="Comentarios" language="3082">
    </Property>
  </Properties>
</Picture>