<Picture>
  <TitleEng>Y-03</TitleEng>
  <TitleEsp>Y-03 </TitleEsp>
  <Price>5</Price>
  <Dimentions>1026x1606</Dimentions>
  <DescriptionEng>
  </DescriptionEng>
  <DescriptionEsp>“La Discusión”. Serie “Joven vendiendo periódicos”</DescriptionEsp>
  <Properties>
    <Property name="Description" language="1033">
    </Property>
    <Property name="Descripcion" language="3082">“La Discusión”. Serie “Joven vendiendo periódicos”</Property>
    <Property name="Emition" language="1033">
    </Property>
    <Property name="Emision" language="3082">Estudio Roto </Property>
    <Property name="Coments" language="1033">
    </Property>
    <Property name="Comentarios" language="3082">
    </Property>
  </Properties>
</Picture>