<Picture>
  <TitleEng>Y-05</TitleEng>
  <TitleEsp>Y-05 </TitleEsp>
  <Price>5</Price>
  <Dimentions>1021x1604</Dimentions>
  <DescriptionEng>
  </DescriptionEng>
  <DescriptionEsp>“La Política Cómica”. Serie “Joven vendiendo periódicos”</DescriptionEsp>
  <Properties>
    <Property name="Description" language="1033">
    </Property>
    <Property name="Descripcion" language="3082">“La Política Cómica”. Serie “Joven vendiendo periódicos”</Property>
    <Property name="Emition" language="1033">
    </Property>
    <Property name="Emision" language="3082">Estudio Roto </Property>
    <Property name="Coments" language="1033">
    </Property>
    <Property name="Comentarios" language="3082">
    </Property>
  </Properties>
</Picture>