<Picture>
  <TitleEng>Y-06</TitleEng>
  <TitleEsp>Y-06 </TitleEsp>
  <Price>5</Price>
  <Dimentions>1025x1608</Dimentions>
  <DescriptionEng>
  </DescriptionEng>
  <DescriptionEsp> “La Prensa”. Serie “Joven vendiendo periódicos”</DescriptionEsp>
  <Properties>
    <Property name="Description" language="1033">
    </Property>
    <Property name="Descripcion" language="3082"> “La Prensa”. Serie “Joven vendiendo periódicos”</Property>
    <Property name="Emition" language="1033">
    </Property>
    <Property name="Emision" language="3082">Estudio Roto </Property>
    <Property name="Coments" language="1033">
    </Property>
    <Property name="Comentarios" language="3082">
    </Property>
  </Properties>
</Picture>