<Picture>
  <TitleEng>Y-07</TitleEng>
  <TitleEsp>Y-07 </TitleEsp>
  <Price>5</Price>
  <Dimentions>1017x1606</Dimentions>
  <DescriptionEng>
  </DescriptionEng>
  <DescriptionEsp>“Social”. Serie “Joven vendiendo periódicos</DescriptionEsp>
  <Properties>
    <Property name="Description" language="1033">
    </Property>
    <Property name="Descripcion" language="3082">“Social”. Serie “Joven vendiendo periódicos</Property>
    <Property name="Emition" language="1033">
    </Property>
    <Property name="Emision" language="3082">Estudio Roto </Property>
    <Property name="Coments" language="1033">
    </Property>
    <Property name="Comentarios" language="3082">La revista “Social”, con ediciones mensuales durante todo su existencia, fue una de las mejores publicaciones ilustradas de América en su tiempo. Comenzó a ser publicada en 1916 por Conrado W. Massaguer, bajo su dirección y la del doctor Emilio Roig de Leuchsenring, a los que se incorporó más tarde Alfredo T. Quílez. En sus primeros tiempos, quizás en respuesta a su nombre, mantuvo una línea más bien frívola y ligera, que poco a poco fue desapareciendo y comenzó a dedicarse a la colaboración artística y literaria, llegando a ser conceptuada como la revista de la joven intelectualidad cubana. Al propio tiempo, realizó una labor patriótica de notable trascendencia, dando especial atención al estudio y la investigación de nuestra historia, criticando los vicios y errores de la incipiente democracia de los primeros tiempos republicanos y exaltando a la vez los valores patrios más altos de la nacionalidad cubana. Existió hasta el año 1938.</Property>
  </Properties>
</Picture>