<Picture>
  <TitleEng>Y-08</TitleEng>
  <TitleEsp>Y-08 </TitleEsp>
  <Price>5</Price>
  <Dimentions>1009x1590</Dimentions>
  <DescriptionEng>
  </DescriptionEng>
  <DescriptionEsp> “Bohemia”. Serie “Joven vendiendo periódicos”</DescriptionEsp>
  <Properties>
    <Property name="Description" language="1033">
    </Property>
    <Property name="Descripcion" language="3082"> “Bohemia”. Serie “Joven vendiendo periódicos”</Property>
    <Property name="Emition" language="1033">
    </Property>
    <Property name="Emision" language="3082">Estudio Roto </Property>
    <Property name="Coments" language="1033">
    </Property>
    <Property name="Comentarios" language="3082">La revista “Bohemia” fue fundada por Miguel Ángel Quevedo en 1910, primero con ediciones mensuales y luego semanales. Con posterioridad, al fallecer el fundador, quedó bajo la dirección de su hijo de igual nombre que le comunico un vigor sin precedentes, convirtiéndola en la publicación de mayor aceptación en el país durante las últimas décadas de poder republicano.</Property>
  </Properties>
</Picture>