<Picture>
  <TitleEng>Y-09</TitleEng>
  <TitleEsp>Y-09 </TitleEsp>
  <Price>5</Price>
  <Dimentions>1006x1613</Dimentions>
  <DescriptionEng>
  </DescriptionEng>
  <DescriptionEsp> “El Día”. Serie “Joven vendiendo periódicos”</DescriptionEsp>
  <Properties>
    <Property name="Description" language="1033">
    </Property>
    <Property name="Descripcion" language="3082"> “El Día”. Serie “Joven vendiendo periódicos”</Property>
    <Property name="Emition" language="1033">
    </Property>
    <Property name="Emision" language="3082">Estudio Roto </Property>
    <Property name="Coments" language="1033">
    </Property>
    <Property name="Comentarios" language="3082">
    </Property>
  </Properties>
</Picture>