<Picture>
  <TitleEng>Y-10</TitleEng>
  <TitleEsp>Y-10 </TitleEsp>
  <Price>5</Price>
  <Dimentions>1013x1615</Dimentions>
  <DescriptionEng>
  </DescriptionEng>
  <DescriptionEsp> “La Nación”. Serie “Joven vendiendo periódicos”</DescriptionEsp>
  <Properties>
    <Property name="Description" language="1033">
    </Property>
    <Property name="Descripcion" language="3082"> “La Nación”. Serie “Joven vendiendo periódicos”</Property>
    <Property name="Emition" language="1033">
    </Property>
    <Property name="Emision" language="3082">Estudio Roto </Property>
    <Property name="Coments" language="1033">
    </Property>
    <Property name="Comentarios" language="3082">“La Nación”, de corte político, vio la luz en dos ocasiones, en la Habana. La primera, en 1906,  fundado por Manuel Marquez Sterling y Enrique Collazo duró poco tiempo pues el secretario Hevia lo clausuró por un articulo nombrado “Contra la ingerencia extranjera la virtud domestica”. En 1919 reapareció bajo la dirección de Ramiro Mañalich. Posiblemente es un ejemplar de esa segunda época el que se anuncia en esta postal. </Property>
  </Properties>
</Picture>