<Picture>
  <TitleEng>Z-01</TitleEng>
  <TitleEsp>Z-01 </TitleEsp>
  <Price>5</Price>
  <Dimentions>1629x1043</Dimentions>
  <DescriptionEng>
  </DescriptionEng>
  <DescriptionEsp>A los Marinos de la Corbeta Nautilus. “Bienvenidos”</DescriptionEsp>
  <Properties>
    <Property name="Description" language="1033">
    </Property>
    <Property name="Descripcion" language="3082">A los Marinos de la Corbeta Nautilus. “Bienvenidos”</Property>
    <Property name="Emition" language="1033">
    </Property>
    <Property name="Emision" language="3082">Indeterminada. Monograma CR</Property>
    <Property name="Coments" language="1033">
    </Property>
    <Property name="Comentarios" language="3082">Postal de tipo fotográfico iluminada, emitida con motivo del arribo a puerto de la corbeta de guerra Nautilus, buque-escuela de la armada española que realizó una visita de 16 días, desde el 24 de junio hasta el 9 de julio de 1908, a la ciudad de la Habana. Fue este el primer barco español que entró a un puerto cubano después del cese de la dominación hispana en la Isla.  En ella aparecen las planas de las publicaciones periódicas mas importantes que circulaban en la ciudad, las cuales rendían de esta forma homenaje a la tripulación visitante. </Property>
  </Properties>
</Picture>