<Picture>
  <TitleEng>Z-02</TitleEng>
  <TitleEsp>Z-02 </TitleEsp>
  <Price>5</Price>
  <Dimentions>1603x988</Dimentions>
  <DescriptionEng>
  </DescriptionEng>
  <DescriptionEsp>Recuerdo de la Discusión. 20 de Mayo de 1902. (Viva Cuba libre)</DescriptionEsp>
  <Properties>
    <Property name="Description" language="1033">
    </Property>
    <Property name="Descripcion" language="3082">Recuerdo de la Discusión. 20 de Mayo de 1902. (Viva Cuba libre)</Property>
    <Property name="Emition" language="1033">
    </Property>
    <Property name="Emision" language="3082">Indeterminada.</Property>
    <Property name="Coments" language="1033">
    </Property>
    <Property name="Comentarios" language="3082">Postal perteneciente a una serie emitida como propaganda por el conocido periódico “La Discusión” en saludo al 20 de Mayo de 1902. La impresión bastante deficiente y a una sola tinta fue realizada en los propios talleres del periódico.</Property>
  </Properties>
</Picture>