<Picture>
  <TitleEng>Z-03</TitleEng>
  <TitleEsp>Z-03 </TitleEsp>
  <Price>5</Price>
  <Dimentions>1591x990</Dimentions>
  <DescriptionEng>
  </DescriptionEng>
  <DescriptionEsp>Recuerdo de la Discusión. 20 de Mayo de 1902. (Caricatura G. de Quesada)</DescriptionEsp>
  <Properties>
    <Property name="Description" language="1033">
    </Property>
    <Property name="Descripcion" language="3082">Recuerdo de la Discusión. 20 de Mayo de 1902. (Caricatura G. de Quesada)</Property>
    <Property name="Emition" language="1033">
    </Property>
    <Property name="Emision" language="3082">Indeterminada</Property>
    <Property name="Coments" language="1033">
    </Property>
    <Property name="Comentarios" language="3082">En esta postal de la misma serie anterior aparece una caricatura que parece ser de Gonzalo de Quesada, conocido patriota y colaborador de José Marti.</Property>
  </Properties>
</Picture>