<Picture>
  <TitleEng>Z-04</TitleEng>
  <TitleEsp>Z-04 </TitleEsp>
  <Price>5</Price>
  <Dimentions>1610x988</Dimentions>
  <DescriptionEng>
  </DescriptionEng>
  <DescriptionEsp>Recuerdo de la Discusión. 20 de Mayo de 1902.(Liborio y el Tío Sam)</DescriptionEsp>
  <Properties>
    <Property name="Description" language="1033">
    </Property>
    <Property name="Descripcion" language="3082">Recuerdo de la Discusión. 20 de Mayo de 1902.(Liborio y el Tío Sam)</Property>
    <Property name="Emition" language="1033">
    </Property>
    <Property name="Emision" language="3082">Indeterminada</Property>
    <Property name="Coments" language="1033">
    </Property>
    <Property name="Comentarios" language="3082">Aparece ahora en esta otra postal de la serie un afectuoso saludo entre el Tio Sam y Liborio, símbolo del pueblo cubano.</Property>
  </Properties>
</Picture>