<Picture>
  <TitleEng>Z-05</TitleEng>
  <TitleEsp>Z-05 </TitleEsp>
  <Price>5</Price>
  <Dimentions>1024x1632</Dimentions>
  <DescriptionEng>
  </DescriptionEng>
  <DescriptionEsp>El Cubano Libre. (Retratos de Céspedes y Maceo)</DescriptionEsp>
  <Properties>
    <Property name="Description" language="1033">
    </Property>
    <Property name="Descripcion" language="3082">El Cubano Libre. (Retratos de Céspedes y Maceo)</Property>
    <Property name="Emition" language="1033">
    </Property>
    <Property name="Emision" language="3082">Indeterminada</Property>
    <Property name="Coments" language="1033">
    </Property>
    <Property name="Comentarios" language="3082">Esta postal, emitida por un editor no identificado, usa la primera plana de “El Cubano Libre” correspondiente al jueves 30 de Septiembre de 1907 para sobreponerle los retratos y las firmas de Carlos Manuel de Céspedes y Antonio Maceo.
Este periódico fue fundado en Bayamo, al comienzo de la Guerra de los Diez Años, por el Padre de la Patria, Carlos Manuel de Céspedes, y circuló en los campos de la Revolución durante casi toda la contienda. En el 95, el General Antonio Maceo, en una de sus primeras acciones de guerra, después de invadir el valle de Guantánamo, se dirigió al norte, hacia Mayarí, y en su trayecto, en la zona de Barrederas, ocupó una imprenta con la que logró la reaparición del glorioso órgano. En esa ocasión lo puso bajo la dirección de Mariano Corona, que supo imprimirle el sello patriótico que mantuvo sin interrupción alguna durante todo el curso de la guerra, continuando después, en la paz, su publicación en Santiago de Cuba, bajo la administración del Teniente del Ejército Libertador Daniel Fajardo Ortiz.
La gran relación de ambos próceres con la historia de la publicación fue la que justificó este diseño.</Property>
  </Properties>
</Picture>