<Picture>
  <TitleEng>Z-06</TitleEng>
  <TitleEsp>Z-06 </TitleEsp>
  <Price>5</Price>
  <Dimentions>1027x1617</Dimentions>
  <DescriptionEng>
  </DescriptionEng>
  <DescriptionEsp>El Cubano Libre. (Otro diseño con retratos de Céspedes y Maceo)</DescriptionEsp>
  <Properties>
    <Property name="Description" language="1033">
    </Property>
    <Property name="Descripcion" language="3082">El Cubano Libre. (Otro diseño con retratos de Céspedes y Maceo)</Property>
    <Property name="Emition" language="1033">
    </Property>
    <Property name="Emision" language="3082">Indeterminada</Property>
    <Property name="Coments" language="1033">
    </Property>
    <Property name="Comentarios" language="3082">En esta postal, muy parecida a la anterior,  la plana usada es la del jueves 7 de Diciembre de 1909. El diseño se diferencia en la forma de los marcos usados y en la posición de las firmas.</Property>
  </Properties>
</Picture>