<Picture>
  <TitleEng>Z-07</TitleEng>
  <TitleEsp>Z-07 </TitleEsp>
  <Price>5</Price>
  <Dimentions>1024x1591</Dimentions>
  <DescriptionEng>
  </DescriptionEng>
  <DescriptionEsp>El Cubano Libre. (Firma de su director Mariano Corona)</DescriptionEsp>
  <Properties>
    <Property name="Description" language="1033">
    </Property>
    <Property name="Descripcion" language="3082">El Cubano Libre. (Firma de su director Mariano Corona)</Property>
    <Property name="Emition" language="1033">
    </Property>
    <Property name="Emision" language="3082">Indeterminada</Property>
    <Property name="Coments" language="1033">
    </Property>
    <Property name="Comentarios" language="3082">Esta postal del tipo fotográfico, emitida por los estudios Alonso de Santiago de Cuba, reproduce la primera plana de “El Cubano Libre” del 10 de diciembre de 1911 que contiene el discurso pronunciado en la Cámara por Mariano Corona, representante por esos tiempos, en ocasión del aniversario de la caída en combate de Antonio Maceo. También aparece la firma de este gran patriota que como vimos anteriormente fue el director en la manigua del periódico.</Property>
  </Properties>
</Picture>