<Picture>
  <TitleEng>Z-08</TitleEng>
  <TitleEsp>Z-08 </TitleEsp>
  <Price>5</Price>
  <Dimentions>1045x1639</Dimentions>
  <DescriptionEng>
  </DescriptionEng>
  <DescriptionEsp>El Heraldo Español. Motivo: La Colonia Española de Matanzas</DescriptionEsp>
  <Properties>
    <Property name="Description" language="1033">
    </Property>
    <Property name="Descripcion" language="3082">El Heraldo Español. Motivo: La Colonia Española de Matanzas</Property>
    <Property name="Emition" language="1033">
    </Property>
    <Property name="Emision" language="3082">Indeterminada</Property>
    <Property name="Coments" language="1033">
    </Property>
    <Property name="Comentarios" language="3082">Postal bastante rara que nos muestra la primera plana de “El Heraldo Español”, periódico de orientación peninsular  publicado en la provincia de Matanzas. La fecha corresponde al 26 de septiembre de 1912. En el espacio rasgado interior podemos ver una vista del edificio de la Colonia Española de Matanzas. Al pie aparece la firma de Gustavo López, director de la publicación en esa época.</Property>
  </Properties>
</Picture>