<Picture>
  <TitleEng>Z-09</TitleEng>
  <TitleEsp>Z-09 </TitleEsp>
  <Price>5</Price>
  <Dimentions>1645x1041</Dimentions>
  <DescriptionEng>
  </DescriptionEng>
  <DescriptionEsp>La Lucha. (Postal de felicitación por año nuevo en 1911)</DescriptionEsp>
  <Properties>
    <Property name="Description" language="1033">
    </Property>
    <Property name="Descripcion" language="3082">La Lucha. (Postal de felicitación por año nuevo en 1911)</Property>
    <Property name="Emition" language="1033">
    </Property>
    <Property name="Emision" language="3082">Indeterminada</Property>
    <Property name="Coments" language="1033">
    </Property>
    <Property name="Comentarios" language="3082">Esta postal, impresa con gran calidad en Norteamérica, usa un diseño singular que nos muestra la plana doblada del periódico “La Lucha” correspondiente al jueves 10 de Marzo de 1910.  Como era costumbre aparece una zona rasgada con la imagen de un personaje que no hemos podido identificar. En su reverso se lee: Felicidades de La Lucha por el Año Nuevo, 1911.</Property>
  </Properties>
</Picture>