<Picture>
  <TitleEng>Z-10</TitleEng>
  <TitleEsp>Z-10 </TitleEsp>
  <Price>5</Price>
  <Dimentions>1603x1021</Dimentions>
  <DescriptionEng>
  </DescriptionEng>
  <DescriptionEsp>La Lucha. (Postal de felicitación con otro diseño)</DescriptionEsp>
  <Properties>
    <Property name="Description" language="1033">
    </Property>
    <Property name="Descripcion" language="3082">La Lucha. (Postal de felicitación con otro diseño)</Property>
    <Property name="Emition" language="1033">
    </Property>
    <Property name="Emision" language="3082">Indeterminada</Property>
    <Property name="Coments" language="1033">
    </Property>
    <Property name="Comentarios" language="3082">Esta postal fue también impresa en Norteamérica, encargada por “La Lucha” con fines de propaganda. Muestra varias planas superpuestas en un nuevo y sugestivo diseño. Al dorso vemos que fue circulada en 1916.</Property>
  </Properties>
</Picture>