<Picture>
  <TitleEng>Z-11</TitleEng>
  <TitleEsp>Z-11 </TitleEsp>
  <Price>5</Price>
  <Dimentions>1032x1545</Dimentions>
  <DescriptionEng>
  </DescriptionEng>
  <DescriptionEsp>La Lucha. (Homenaje a Cervantes)</DescriptionEsp>
  <Properties>
    <Property name="Description" language="1033">
    </Property>
    <Property name="Descripcion" language="3082">La Lucha. (Homenaje a Cervantes)</Property>
    <Property name="Emition" language="1033">
    </Property>
    <Property name="Emision" language="3082">Indeterminada</Property>
    <Property name="Coments" language="1033">
    </Property>
    <Property name="Comentarios" language="3082">Postal impresa en los mismos talleres del periódico como souvenir por el tercer centenario de la publicación de “Don Quijote de la Mancha”. Reproduce la plana del 10 de Mayo de 1905 con imágenes alegóricas a la novela. </Property>
  </Properties>
</Picture>