<Picture>
  <TitleEng>Z-12</TitleEng>
  <TitleEsp>Z-12 </TitleEsp>
  <Price>5</Price>
  <Dimentions>1615x1022</Dimentions>
  <DescriptionEng>
  </DescriptionEng>
  <DescriptionEsp>La Opinión. (Postal de felicitación)</DescriptionEsp>
  <Properties>
    <Property name="Description" language="1033">
    </Property>
    <Property name="Descripcion" language="3082">La Opinión. (Postal de felicitación)</Property>
    <Property name="Emition" language="1033">
    </Property>
    <Property name="Emision" language="3082">Indeterminada</Property>
    <Property name="Coments" language="1033">
    </Property>
    <Property name="Comentarios" language="3082">Postal impresa como propaganda en los talleres del periódico “La Opinión” publicado en Pinar del Río a partir de 1909. Nos muestra la plana correspondiente al martes 6 de diciembre de 1910. Al dorso podemos ver que fue circulada en Diciembre de ese mismo año. No hemos podido identificar al personaje que muestra en su zona rasgada</Property>
  </Properties>
</Picture>