<Picture>
  <TitleEng>Z-13</TitleEng>
  <TitleEsp>Z-13 </TitleEsp>
  <Price>5</Price>
  <Dimentions>1607x1024</Dimentions>
  <DescriptionEng>
  </DescriptionEng>
  <DescriptionEsp>Alma España. (Postal de felicitación)</DescriptionEsp>
  <Properties>
    <Property name="Description" language="1033">
    </Property>
    <Property name="Descripcion" language="3082">Alma España. (Postal de felicitación)</Property>
    <Property name="Emition" language="1033">
    </Property>
    <Property name="Emision" language="3082">Indeterminada</Property>
    <Property name="Coments" language="1033">
    </Property>
    <Property name="Comentarios" language="3082">Otra postal del mismo genero que la anterior publicada también en Pinar del Río por el periódico de orientación peninsular “Alma España”. Muestra su primera plana del 30 de marzo de 1910 con un espacio rasgado donde asoma un personaje que no identificamos.</Property>
  </Properties>
</Picture>